row_id,match_id,match_datetime_utc,stage,team,opponent,goals_scored,is_host,is_knockout,team_matches_played_before,team_goals_scored_before,team_goals_conceded_before,opp_goals_scored_before,opp_goals_conceded_before,team_points_before
1,8287,2026-06-11 19:00,Group A,South Africa,Mexico,0,0,0,0,0.0,0.0,0.0,0.0,0
2,8287,2026-06-11 19:00,Group A,Mexico,South Africa,2,1,0,0,0.0,0.0,0.0,0.0,0
3,8288,2026-06-12 02:00,Group A,Czechia,South Korea,1,0,0,0,0.0,0.0,0.0,0.0,0
4,8288,2026-06-12 02:00,Group A,South Korea,Czechia,2,0,0,0,0.0,0.0,0.0,0.0,0
5,8289,2026-06-12 19:00,Group B,Bosnia & Herzegovina,Canada,1,0,0,0,0.0,0.0,0.0,0.0,0
6,8289,2026-06-12 19:00,Group B,Canada,Bosnia & Herzegovina,1,1,0,0,0.0,0.0,0.0,0.0,0
7,8290,2026-06-13 01:00,Group D,Paraguay,USA,1,0,0,0,0.0,0.0,0.0,0.0,0
8,8290,2026-06-13 01:00,Group D,USA,Paraguay,4,1,0,0,0.0,0.0,0.0,0.0,0
9,8292,2026-06-13 19:00,Group B,Switzerland,Qatar,1,0,0,0,0.0,0.0,0.0,0.0,0
10,8292,2026-06-13 19:00,Group B,Qatar,Switzerland,1,0,0,0,0.0,0.0,0.0,0.0,0
11,8293,2026-06-13 22:00,Group C,Morocco,Brazil,1,0,0,0,0.0,0.0,0.0,0.0,0
12,8293,2026-06-13 22:00,Group C,Brazil,Morocco,1,0,0,0,0.0,0.0,0.0,0.0,0
13,8294,2026-06-14 01:00,Group C,Scotland,Haiti,1,0,0,0,0.0,0.0,0.0,0.0,0
14,8294,2026-06-14 01:00,Group C,Haiti,Scotland,0,0,0,0,0.0,0.0,0.0,0.0,0
15,8291,2026-06-14 04:00,Group D,Türkiye,Australia,0,0,0,0,0.0,0.0,0.0,0.0,0
16,8291,2026-06-14 04:00,Group D,Australia,Türkiye,2,0,0,0,0.0,0.0,0.0,0.0,0
17,8295,2026-06-14 17:00,Group E,Curaçao,Germany,1,0,0,0,0.0,0.0,0.0,0.0,0
18,8295,2026-06-14 17:00,Group E,Germany,Curaçao,7,0,0,0,0.0,0.0,0.0,0.0,0
19,8296,2026-06-14 20:00,Group F,Japan,Netherlands,2,0,0,0,0.0,0.0,0.0,0.0,0
20,8296,2026-06-14 20:00,Group F,Netherlands,Japan,2,0,0,0,0.0,0.0,0.0,0.0,0
21,8297,2026-06-14 23:00,Group E,Ecuador,Côte d'Ivoire,0,0,0,0,0.0,0.0,0.0,0.0,0
22,8297,2026-06-14 23:00,Group E,Côte d'Ivoire,Ecuador,1,0,0,0,0.0,0.0,0.0,0.0,0
23,8298,2026-06-15 02:00,Group F,Tunisia,Sweden,1,0,0,0,0.0,0.0,0.0,0.0,0
24,8298,2026-06-15 02:00,Group F,Sweden,Tunisia,5,0,0,0,0.0,0.0,0.0,0.0,0
25,8299,2026-06-15 16:00,Group H,Cabo Verde,Spain,0,0,0,0,0.0,0.0,0.0,0.0,0
26,8299,2026-06-15 16:00,Group H,Spain,Cabo Verde,0,0,0,0,0.0,0.0,0.0,0.0,0
27,8300,2026-06-15 19:00,Group G,Egypt,Belgium,1,0,0,0,0.0,0.0,0.0,0.0,0
28,8300,2026-06-15 19:00,Group G,Belgium,Egypt,1,0,0,0,0.0,0.0,0.0,0.0,0
29,8301,2026-06-15 22:00,Group H,Uruguay,Saudi Arabia,1,0,0,0,0.0,0.0,0.0,0.0,0
30,8301,2026-06-15 22:00,Group H,Saudi Arabia,Uruguay,1,0,0,0,0.0,0.0,0.0,0.0,0
31,8302,2026-06-16 01:00,Group G,New Zealand,Iran,2,0,0,0,0.0,0.0,0.0,0.0,0
32,8302,2026-06-16 01:00,Group G,Iran,New Zealand,2,0,0,0,0.0,0.0,0.0,0.0,0
33,8304,2026-06-16 19:00,Group I,Senegal,France,1,0,0,0,0.0,0.0,0.0,0.0,0
34,8304,2026-06-16 19:00,Group I,France,Senegal,3,0,0,0,0.0,0.0,0.0,0.0,0
35,8305,2026-06-16 22:00,Group I,Norway,Iraq,4,0,0,0,0.0,0.0,0.0,0.0,0
36,8305,2026-06-16 22:00,Group I,Iraq,Norway,1,0,0,0,0.0,0.0,0.0,0.0,0
37,8306,2026-06-17 01:00,Group J,Algeria,Argentina,0,0,0,0,0.0,0.0,0.0,0.0,0
38,8306,2026-06-17 01:00,Group J,Argentina,Algeria,3,0,0,0,0.0,0.0,0.0,0.0,0
39,8303,2026-06-17 04:00,Group J,Jordan,Austria,1,0,0,0,0.0,0.0,0.0,0.0,0
40,8303,2026-06-17 04:00,Group J,Austria,Jordan,3,0,0,0,0.0,0.0,0.0,0.0,0
41,8307,2026-06-17 17:00,Group K,DR Congo,Portugal,1,0,0,0,0.0,0.0,0.0,0.0,0
42,8307,2026-06-17 17:00,Group K,Portugal,DR Congo,1,0,0,0,0.0,0.0,0.0,0.0,0
43,8308,2026-06-17 20:00,Group L,Croatia,England,2,0,0,0,0.0,0.0,0.0,0.0,0
44,8308,2026-06-17 20:00,Group L,England,Croatia,4,0,0,0,0.0,0.0,0.0,0.0,0
45,8309,2026-06-17 23:00,Group L,Panama,Ghana,0,0,0,0,0.0,0.0,0.0,0.0,0
46,8309,2026-06-17 23:00,Group L,Ghana,Panama,1,0,0,0,0.0,0.0,0.0,0.0,0
47,8310,2026-06-18 02:00,Group K,Colombia,Uzbekistan,3,0,0,0,0.0,0.0,0.0,0.0,0
48,8310,2026-06-18 02:00,Group K,Uzbekistan,Colombia,1,0,0,0,0.0,0.0,0.0,0.0,0
49,8311,2026-06-18 16:00,Group A,South Africa,Czechia,1,0,0,1,0.0,2.0,1.0,2.0,0
50,8311,2026-06-18 16:00,Group A,Czechia,South Africa,1,0,0,1,1.0,2.0,0.0,2.0,0
51,8312,2026-06-18 19:00,Group B,Bosnia & Herzegovina,Switzerland,1,0,0,1,1.0,1.0,1.0,1.0,1
52,8312,2026-06-18 19:00,Group B,Switzerland,Bosnia & Herzegovina,4,0,0,1,1.0,1.0,1.0,1.0,1
53,8313,2026-06-18 22:00,Group B,Qatar,Canada,0,0,0,1,1.0,1.0,1.0,1.0,1
54,8313,2026-06-18 22:00,Group B,Canada,Qatar,6,1,0,1,1.0,1.0,1.0,1.0,1
55,8314,2026-06-19 01:00,Group A,South Korea,Mexico,0,0,0,1,2.0,1.0,2.0,0.0,3
56,8314,2026-06-19 01:00,Group A,Mexico,South Korea,1,1,0,1,2.0,0.0,2.0,1.0,3
57,8316,2026-06-19 19:00,Group D,Australia,USA,0,0,0,1,2.0,0.0,4.0,1.0,3
58,8316,2026-06-19 19:00,Group D,USA,Australia,2,1,0,1,4.0,1.0,2.0,0.0,3
59,8317,2026-06-19 22:00,Group C,Morocco,Scotland,1,0,0,1,1.0,1.0,1.0,0.0,1
60,8317,2026-06-19 22:00,Group C,Scotland,Morocco,0,0,0,1,1.0,0.0,1.0,1.0,3
61,8318,2026-06-20 00:30,Group C,Haiti,Brazil,0,0,0,1,0.0,1.0,1.0,1.0,0
62,8318,2026-06-20 00:30,Group C,Brazil,Haiti,3,0,0,1,1.0,1.0,0.0,1.0,1
63,8315,2026-06-20 03:00,Group D,Paraguay,Türkiye,1,0,0,1,1.0,4.0,0.0,2.0,0
64,8315,2026-06-20 03:00,Group D,Türkiye,Paraguay,0,0,0,1,0.0,2.0,1.0,4.0,0
65,8320,2026-06-20 17:00,Group F,Sweden,Netherlands,1,0,0,1,5.0,1.0,2.0,2.0,3
66,8320,2026-06-20 17:00,Group F,Netherlands,Sweden,5,0,0,1,2.0,2.0,5.0,1.0,1
67,8321,2026-06-20 20:00,Group E,Côte d'Ivoire,Germany,1,0,0,1,1.0,0.0,7.0,1.0,3
68,8321,2026-06-20 20:00,Group E,Germany,Côte d'Ivoire,2,0,0,1,7.0,1.0,1.0,0.0,3
69,8322,2026-06-21 00:00,Group E,Curaçao,Ecuador,0,0,0,1,1.0,7.0,0.0,1.0,0
70,8322,2026-06-21 00:00,Group E,Ecuador,Curaçao,0,0,0,1,0.0,1.0,1.0,7.0,0
71,8319,2026-06-21 04:00,Group F,Japan,Tunisia,4,0,0,1,2.0,2.0,1.0,5.0,1
72,8319,2026-06-21 04:00,Group F,Tunisia,Japan,0,0,0,1,1.0,5.0,2.0,2.0,0
73,8323,2026-06-21 16:00,Group H,Saudi Arabia,Spain,0,0,0,1,1.0,1.0,0.0,0.0,1
74,8323,2026-06-21 16:00,Group H,Spain,Saudi Arabia,4,0,0,1,0.0,0.0,1.0,1.0,1
75,8324,2026-06-21 19:00,Group G,Iran,Belgium,0,0,0,1,2.0,2.0,1.0,1.0,1
76,8324,2026-06-21 19:00,Group G,Belgium,Iran,0,0,0,1,1.0,1.0,2.0,2.0,1
77,8325,2026-06-21 22:00,Group H,Cabo Verde,Uruguay,2,0,0,1,0.0,0.0,1.0,1.0,1
78,8325,2026-06-21 22:00,Group H,Uruguay,Cabo Verde,2,0,0,1,1.0,1.0,0.0,0.0,1
79,8326,2026-06-22 01:00,Group G,Egypt,New Zealand,3,0,0,1,1.0,1.0,2.0,2.0,1
80,8326,2026-06-22 01:00,Group G,New Zealand,Egypt,1,0,0,1,2.0,2.0,1.0,1.0,1
81,8327,2026-06-22 17:00,Group J,Austria,Argentina,0,0,0,1,3.0,1.0,3.0,0.0,3
82,8327,2026-06-22 17:00,Group J,Argentina,Austria,2,0,0,1,3.0,0.0,3.0,1.0,3
83,8328,2026-06-22 21:00,Group I,Iraq,France,0,0,0,1,1.0,4.0,3.0,1.0,0
84,8328,2026-06-22 21:00,Group I,France,Iraq,3,0,0,1,3.0,1.0,1.0,4.0,3
85,8329,2026-06-23 00:00,Group I,Senegal,Norway,2,0,0,1,1.0,3.0,4.0,1.0,0
86,8329,2026-06-23 00:00,Group I,Norway,Senegal,3,0,0,1,4.0,1.0,1.0,3.0,3
87,8330,2026-06-23 03:00,Group J,Algeria,Jordan,2,0,0,1,0.0,3.0,1.0,3.0,0
88,8330,2026-06-23 03:00,Group J,Jordan,Algeria,1,0,0,1,1.0,3.0,0.0,3.0,0
89,8331,2026-06-23 17:00,Group K,Uzbekistan,Portugal,0,0,0,1,1.0,3.0,1.0,1.0,0
90,8331,2026-06-23 17:00,Group K,Portugal,Uzbekistan,5,0,0,1,1.0,1.0,1.0,3.0,1
91,8332,2026-06-23 20:00,Group L,Ghana,England,0,0,0,1,1.0,0.0,4.0,2.0,3
92,8332,2026-06-23 20:00,Group L,England,Ghana,0,0,0,1,4.0,2.0,1.0,0.0,3
93,8333,2026-06-23 23:00,Group L,Croatia,Panama,1,0,0,1,2.0,4.0,0.0,1.0,0
94,8333,2026-06-23 23:00,Group L,Panama,Croatia,0,0,0,1,0.0,1.0,2.0,4.0,0
95,8334,2026-06-24 02:00,Group K,DR Congo,Colombia,0,0,0,1,1.0,1.0,3.0,1.0,1
96,8334,2026-06-24 02:00,Group K,Colombia,DR Congo,1,0,0,1,3.0,1.0,1.0,1.0,3
97,8335,2026-06-24 19:00,Group B,Canada,Switzerland,1,1,0,2,7.0,1.0,5.0,2.0,4
98,8335,2026-06-24 19:00,Group B,Switzerland,Canada,2,0,0,2,5.0,2.0,7.0,1.0,4
99,8336,2026-06-24 19:00,Group B,Qatar,Bosnia & Herzegovina,1,0,0,2,1.0,7.0,2.0,5.0,1
100,8336,2026-06-24 19:00,Group B,Bosnia & Herzegovina,Qatar,3,0,0,2,2.0,5.0,1.0,7.0,1
101,8337,2026-06-24 22:00,Group C,Haiti,Morocco,2,0,0,2,0.0,4.0,2.0,1.0,0
102,8337,2026-06-24 22:00,Group C,Morocco,Haiti,4,0,0,2,2.0,1.0,0.0,4.0,4
103,8338,2026-06-24 22:00,Group C,Brazil,Scotland,3,0,0,2,4.0,1.0,1.0,1.0,4
104,8338,2026-06-24 22:00,Group C,Scotland,Brazil,0,0,0,2,1.0,1.0,4.0,1.0,3
105,8339,2026-06-25 01:00,Group A,South Korea,South Africa,0,0,0,2,2.0,2.0,1.0,3.0,3
106,8339,2026-06-25 01:00,Group A,South Africa,South Korea,1,0,0,2,1.0,3.0,2.0,2.0,1
107,8340,2026-06-25 01:00,Group A,Mexico,Czechia,3,1,0,2,3.0,0.0,2.0,3.0,6
108,8340,2026-06-25 01:00,Group A,Czechia,Mexico,0,0,0,2,2.0,3.0,3.0,0.0,1
109,8341,2026-06-25 20:00,Group E,Côte d'Ivoire,Curaçao,2,0,0,2,2.0,2.0,1.0,7.0,3
110,8341,2026-06-25 20:00,Group E,Curaçao,Côte d'Ivoire,0,0,0,2,1.0,7.0,2.0,2.0,1
111,8342,2026-06-25 20:00,Group E,Germany,Ecuador,1,0,0,2,9.0,2.0,0.0,1.0,6
112,8342,2026-06-25 20:00,Group E,Ecuador,Germany,2,0,0,2,0.0,1.0,9.0,2.0,1
113,8343,2026-06-25 23:00,Group F,Sweden,Japan,1,0,0,2,6.0,6.0,6.0,2.0,3
114,8343,2026-06-25 23:00,Group F,Japan,Sweden,1,0,0,2,6.0,2.0,6.0,6.0,4
115,8344,2026-06-25 23:00,Group F,Netherlands,Tunisia,3,0,0,2,7.0,3.0,1.0,9.0,4
116,8344,2026-06-25 23:00,Group F,Tunisia,Netherlands,1,0,0,2,1.0,9.0,7.0,3.0,0
117,8345,2026-06-26 02:00,Group D,Australia,Paraguay,0,0,0,2,2.0,2.0,2.0,4.0,3
118,8345,2026-06-26 02:00,Group D,Paraguay,Australia,0,0,0,2,2.0,4.0,2.0,2.0,3
119,8346,2026-06-26 02:00,Group D,USA,Türkiye,2,1,0,2,6.0,1.0,0.0,3.0,6
120,8346,2026-06-26 02:00,Group D,Türkiye,USA,3,0,0,2,0.0,3.0,6.0,1.0,0
121,8347,2026-06-26 19:00,Group I,France,Norway,4,0,0,2,6.0,1.0,7.0,3.0,6
122,8347,2026-06-26 19:00,Group I,Norway,France,1,0,0,2,7.0,3.0,6.0,1.0,6
123,8348,2026-06-26 19:00,Group I,Iraq,Senegal,0,0,0,2,1.0,7.0,3.0,6.0,0
124,8348,2026-06-26 19:00,Group I,Senegal,Iraq,5,0,0,2,3.0,6.0,1.0,7.0,0
125,8349,2026-06-27 00:00,Group H,Saudi Arabia,Cabo Verde,0,0,0,2,1.0,5.0,2.0,2.0,1
126,8349,2026-06-27 00:00,Group H,Cabo Verde,Saudi Arabia,0,0,0,2,2.0,2.0,1.0,5.0,2
127,8350,2026-06-27 00:00,Group H,Spain,Uruguay,1,0,0,2,4.0,0.0,3.0,3.0,4
128,8350,2026-06-27 00:00,Group H,Uruguay,Spain,0,0,0,2,3.0,3.0,4.0,0.0,2
129,8351,2026-06-27 03:00,Group G,Iran,Egypt,1,0,0,2,2.0,2.0,4.0,2.0,2
130,8351,2026-06-27 03:00,Group G,Egypt,Iran,1,0,0,2,4.0,2.0,2.0,2.0,4
131,8352,2026-06-27 03:00,Group G,Belgium,New Zealand,5,0,0,2,1.0,1.0,3.0,5.0,2
132,8352,2026-06-27 03:00,Group G,New Zealand,Belgium,1,0,0,2,3.0,5.0,1.0,1.0,1
133,8353,2026-06-27 21:00,Group L,Ghana,Croatia,1,0,0,2,1.0,0.0,3.0,4.0,4
134,8353,2026-06-27 21:00,Group L,Croatia,Ghana,2,0,0,2,3.0,4.0,1.0,0.0,3
135,8354,2026-06-27 21:00,Group L,England,Panama,2,0,0,2,4.0,2.0,0.0,2.0,4
136,8354,2026-06-27 21:00,Group L,Panama,England,0,0,0,2,0.0,2.0,4.0,2.0,0
137,8355,2026-06-27 23:30,Group K,Portugal,Colombia,0,0,0,2,6.0,1.0,4.0,1.0,4
138,8355,2026-06-27 23:30,Group K,Colombia,Portugal,0,0,0,2,4.0,1.0,6.0,1.0,6
139,8356,2026-06-27 23:30,Group K,Uzbekistan,DR Congo,1,0,0,2,1.0,8.0,1.0,2.0,0
140,8356,2026-06-27 23:30,Group K,DR Congo,Uzbekistan,3,0,0,2,1.0,2.0,1.0,8.0,1
141,8357,2026-06-28 02:00,Group J,Austria,Algeria,3,0,0,2,3.0,3.0,2.0,4.0,3
142,8357,2026-06-28 02:00,Group J,Algeria,Austria,3,0,0,2,2.0,4.0,3.0,3.0,3
143,8358,2026-06-28 02:00,Group J,Argentina,Jordan,3,0,0,2,5.0,0.0,2.0,5.0,6
144,8358,2026-06-28 02:00,Group J,Jordan,Argentina,1,0,0,2,2.0,5.0,5.0,0.0,0
145,8359,2026-06-28 19:00,Round of 32,Canada,South Africa,1,1,1,3,8.0,3.0,2.0,3.0,4
146,8359,2026-06-28 19:00,Round of 32,South Africa,Canada,0,0,1,3,2.0,3.0,8.0,3.0,4
147,8360,2026-06-29 17:00,Round of 32,Japan,Brazil,1,0,1,3,7.0,3.0,7.0,1.0,5
148,8360,2026-06-29 17:00,Round of 32,Brazil,Japan,2,0,1,3,7.0,1.0,7.0,3.0,7
149,8361,2026-06-29 20:30,Round of 32,Paraguay,Germany,1,0,1,3,2.0,4.0,10.0,4.0,4
150,8361,2026-06-29 20:30,Round of 32,Germany,Paraguay,1,0,1,3,10.0,4.0,2.0,4.0,6
151,8362,2026-06-30 01:00,Round of 32,Morocco,Netherlands,1,0,1,3,6.0,3.0,10.0,4.0,7
152,8362,2026-06-30 01:00,Round of 32,Netherlands,Morocco,1,0,1,3,10.0,4.0,6.0,3.0,7
153,8363,2026-06-30 17:00,Round of 32,Norway,Côte d'Ivoire,2,0,1,3,8.0,7.0,4.0,2.0,6
154,8363,2026-06-30 17:00,Round of 32,Côte d'Ivoire,Norway,1,0,1,3,4.0,2.0,8.0,7.0,6
155,8364,2026-06-30 21:00,Round of 32,Sweden,France,0,0,1,3,7.0,7.0,10.0,2.0,4
156,8364,2026-06-30 21:00,Round of 32,France,Sweden,3,0,1,3,10.0,2.0,7.0,7.0,9
157,8365,2026-07-01 02:00,Round of 32,Ecuador,Mexico,0,0,1,3,2.0,2.0,6.0,0.0,4
158,8365,2026-07-01 02:00,Round of 32,Mexico,Ecuador,2,1,1,3,6.0,0.0,2.0,2.0,9
159,8366,2026-07-01 16:00,Round of 32,DR Congo,England,1,0,1,3,4.0,3.0,6.0,2.0,4
160,8366,2026-07-01 16:00,Round of 32,England,DR Congo,2,0,1,3,6.0,2.0,4.0,3.0,7
161,8367,2026-07-01 20:00,Round of 32,Senegal,Belgium,2,0,1,3,8.0,6.0,6.0,2.0,3
162,8367,2026-07-01 20:00,Round of 32,Belgium,Senegal,2,0,1,3,6.0,2.0,8.0,6.0,5
163,8368,2026-07-02 00:00,Round of 32,Bosnia & Herzegovina,USA,0,0,1,3,5.0,6.0,8.0,4.0,4
164,8368,2026-07-02 00:00,Round of 32,USA,Bosnia & Herzegovina,2,1,1,3,8.0,4.0,5.0,6.0,6
165,8369,2026-07-02 19:00,Round of 32,Austria,Spain,0,0,1,3,6.0,6.0,5.0,0.0,4
166,8369,2026-07-02 19:00,Round of 32,Spain,Austria,3,0,1,3,5.0,0.0,6.0,6.0,7
167,8370,2026-07-02 23:00,Round of 32,Croatia,Portugal,1,0,1,3,5.0,5.0,6.0,1.0,6
168,8370,2026-07-02 23:00,Round of 32,Portugal,Croatia,2,0,1,3,6.0,1.0,5.0,5.0,5
169,8371,2026-07-03 03:00,Round of 32,Algeria,Switzerland,0,0,1,3,5.0,7.0,7.0,3.0,4
170,8371,2026-07-03 03:00,Round of 32,Switzerland,Algeria,2,0,1,3,7.0,3.0,5.0,7.0,7
171,8372,2026-07-03 18:00,Round of 32,Egypt,Australia,1,0,1,3,5.0,3.0,2.0,2.0,5
172,8372,2026-07-03 18:00,Round of 32,Australia,Egypt,1,0,1,3,2.0,2.0,5.0,3.0,4
173,8373,2026-07-03 22:00,Round of 32,Cabo Verde,Argentina,2,0,1,3,2.0,2.0,8.0,1.0,3
174,8373,2026-07-03 22:00,Round of 32,Argentina,Cabo Verde,3,0,1,3,8.0,1.0,2.0,2.0,9
175,8374,2026-07-04 01:30,Round of 32,Ghana,Colombia,0,0,1,3,2.0,2.0,4.0,1.0,4
176,8374,2026-07-04 01:30,Round of 32,Colombia,Ghana,1,0,1,3,4.0,1.0,2.0,2.0,7
177,8375,2026-07-04 17:00,Round of 16,Morocco,Canada,3,0,1,4,7.0,4.0,9.0,3.0,8
178,8375,2026-07-04 17:00,Round of 16,Canada,Morocco,0,1,1,4,9.0,3.0,7.0,4.0,7
179,8376,2026-07-04 21:00,Round of 16,France,Paraguay,1,0,1,4,13.0,2.0,3.0,5.0,12
180,8376,2026-07-04 21:00,Round of 16,Paraguay,France,0,0,1,4,3.0,5.0,13.0,2.0,5
181,8377,2026-07-05 20:00,Round of 16,Norway,Brazil,2,0,1,4,10.0,8.0,9.0,2.0,9
182,8377,2026-07-05 20:00,Round of 16,Brazil,Norway,1,0,1,4,9.0,2.0,10.0,8.0,10
183,8378,2026-07-06 01:00,Round of 16,England,Mexico,3,0,1,4,8.0,3.0,8.0,0.0,10
184,8378,2026-07-06 01:00,Round of 16,Mexico,England,2,1,1,4,8.0,0.0,8.0,3.0,12
185,8379,2026-07-06 19:00,Round of 16,Spain,Portugal,1,0,1,4,8.0,0.0,8.0,2.0,10
186,8379,2026-07-06 19:00,Round of 16,Portugal,Spain,0,0,1,4,8.0,2.0,8.0,0.0,8
187,8380,2026-07-07 00:00,Round of 16,Belgium,USA,4,0,1,4,8.0,4.0,10.0,4.0,6
188,8380,2026-07-07 00:00,Round of 16,USA,Belgium,1,1,1,4,10.0,4.0,8.0,4.0,9
189,8381,2026-07-07 16:00,Round of 16,Egypt,Argentina,2,0,1,4,6.0,4.0,11.0,3.0,6
190,8381,2026-07-07 16:00,Round of 16,Argentina,Egypt,3,0,1,4,11.0,3.0,6.0,4.0,12
191,8382,2026-07-07 20:00,Round of 16,Colombia,Switzerland,0,0,1,4,5.0,1.0,9.0,3.0,10
192,8382,2026-07-07 20:00,Round of 16,Switzerland,Colombia,0,0,1,4,9.0,3.0,5.0,1.0,10
193,8383,2026-07-09 20:00,Quarterfinals,Morocco,France,0,0,1,5,10.0,4.0,14.0,2.0,11
194,8383,2026-07-09 20:00,Quarterfinals,France,Morocco,2,0,1,5,14.0,2.0,10.0,4.0,15
195,8384,2026-07-10 19:00,Quarterfinals,Belgium,Spain,1,0,1,5,12.0,5.0,9.0,0.0,9
196,8384,2026-07-10 19:00,Quarterfinals,Spain,Belgium,2,0,1,5,9.0,0.0,12.0,5.0,13
197,8385,2026-07-11 21:00,Quarterfinals,England,Norway,2,0,1,5,11.0,5.0,12.0,9.0,13
198,8385,2026-07-11 21:00,Quarterfinals,Norway,England,1,0,1,5,12.0,9.0,11.0,5.0,12
199,8386,2026-07-12 01:00,Quarterfinals,Switzerland,Argentina,1,0,1,5,9.0,3.0,14.0,5.0,11
200,8386,2026-07-12 01:00,Quarterfinals,Argentina,Switzerland,3,0,1,5,14.0,5.0,9.0,3.0,15
201,8387,2026-07-14 19:00,Semifinals,Spain,France,2,0,1,6,11.0,1.0,16.0,2.0,16
202,8387,2026-07-14 19:00,Semifinals,France,Spain,0,0,1,6,16.0,2.0,11.0,1.0,18
203,8388,2026-07-15 19:00,Semifinals,Argentina,England,2,0,1,6,17.0,6.0,13.0,6.0,18
204,8388,2026-07-15 19:00,Semifinals,England,Argentina,1,0,1,6,13.0,6.0,17.0,6.0,16
205,8389,2026-07-18 21:00,Match for 3rd place,England,France,6,0,1,7,14.0,8.0,16.0,4.0,16
206,8389,2026-07-18 21:00,Match for 3rd place,France,England,4,0,1,7,16.0,4.0,14.0,8.0,18
207,8390,2026-07-19 19:00,Final,Argentina,Spain,0,0,1,7,19.0,7.0,13.0,1.0,21
208,8390,2026-07-19 19:00,Final,Spain,Argentina,1,0,1,7,13.0,1.0,19.0,7.0,19
