"row ID","event_id","received_at","home_duels","home_fouls","home_passes","home_tackles","home_offsides","home_big_saves","home_throw_ins","home_clearances","home_free_kicks","home_goal_kicks","home_recoveries","home_big_chances","home_tackles_won","home_total_saves","home_total_shots","home_corner_kicks","home_dispossessed","home_hit_woodwork","home_yellow_cards","home_blocked_shots","home_interceptions","home_through_balls","home_total_tackles","home_expected_goals","home_accurate_passes","home_ball_possession","home_goals_prevented","home_shots_on_target","home_goalkeeper_saves","home_shots_inside_box","home_shots_off_target","home_shots_outside_box","home_big_chances_missed","home_big_chances_scored","home_final_third_entries","home_fouled_in_final_third","home_touches_in_penalty_area","home_attack","home_ball_safe","home_dangerous_attack","home_attack_pct","home_ball_safe_pct","home_dangerous_attack_pct","home_pass_accuracy_pct","home_crosses_value","home_crosses_total","home_crosses_pct","home_dribbles_value","home_dribbles_total","home_dribbles_pct","home_long_balls_value","home_long_balls_total","home_long_balls_pct","home_aerial_duels_value","home_aerial_duels_total","home_aerial_duels_pct","home_ground_duels_value","home_ground_duels_total","home_ground_duels_pct","home_final_third_phase_value","home_final_third_phase_total","home_final_third_phase_pct","home_xg_actual","home_punches","home_high_claims","home_errors_lead_to_a_shot","home_errors_lead_to_a_goal","home_red_cards","home_penalty_saves","received_at_away","away_duels","away_fouls","away_passes","away_tackles","away_offsides","away_big_saves","away_throw_ins","away_clearances","away_free_kicks","away_goal_kicks","away_recoveries","away_big_chances","away_tackles_won","away_total_saves","away_total_shots","away_corner_kicks","away_dispossessed","away_hit_woodwork","away_yellow_cards","away_blocked_shots","away_interceptions","away_through_balls","away_total_tackles","away_expected_goals","away_accurate_passes","away_ball_possession","away_goals_prevented","away_shots_on_target","away_goalkeeper_saves","away_shots_inside_box","away_shots_off_target","away_shots_outside_box","away_big_chances_missed","away_big_chances_scored","away_final_third_entries","away_fouled_in_final_third","away_touches_in_penalty_area","away_attack","away_ball_safe","away_dangerous_attack","away_attack_pct","away_ball_safe_pct","away_dangerous_attack_pct","away_pass_accuracy_pct","away_crosses_value","away_crosses_total","away_crosses_pct","away_dribbles_value","away_dribbles_total","away_dribbles_pct","away_long_balls_value","away_long_balls_total","away_long_balls_pct","away_aerial_duels_value","away_aerial_duels_total","away_aerial_duels_pct","away_ground_duels_value","away_ground_duels_total","away_ground_duels_pct","away_final_third_phase_value","away_final_third_phase_total","away_final_third_phase_pct","away_xg_actual","away_punches","away_high_claims","away_errors_lead_to_a_shot","away_errors_lead_to_a_goal","away_red_cards","away_penalty_saves"
"Row103",8390,"2026-07-20T03:00:03.988Z",51,21,852,17,4,0,19,21,25,5,59,4,65,0,20,9,8,0,0,3,10,3,17,1.94,762,65,0,12,0,9,5,11,3,1,88,3,31,141,109,99,26,36,38,89.4,5,27,19,12,22,55,23,52,44,12,24,50,49,96,51,215,263,82,1.94,1,,0,,0,,"2026-07-20T03:00:03.988Z",49,25,462,18,1,4,22,24,21,11,53,0,78,11,2,4,13,0,6,1,16,0,18,0.22,357,35,1.81,0,11,1,1,1,0,0,53,0,6,97,108,47,19,67,14,77.3,1,8,13,8,12,67,25,71,35,12,24,50,47,96,49,38,80,48,0.2,0,,1,,1,
"Row102",8389,"2026-07-19T05:00:03.850Z",39,14,444,16,3,1,5,11,8,5,47,6,63,4,19,3,12,0,,4,8,5,16,2.8,404,46,-1.14,9,4,12,6,7,2,4,46,2,53,73,48,51,26,28,46,91,1,6,0,7,20,35,17,26,65,9,12,75,31,91,34,140,166,84,2.8,,1,0,1,,,"2026-07-19T05:00:03.850Z",61,8,515,25,3,2,6,12,13,7,48,8,44,5,19,4,12,0,,6,12,4,25,3.05,467,54,0.15,11,5,16,2,3,5,3,31,4,33,71,73,34,13,54,33,90.7,4,12,33,21,25,84,15,35,43,4,12,33,60,91,66,44,64,69,2.9,,0,1,0,,
"Row101",8388,"2026-07-16T03:00:01.840Z",49,11,324,14,1,2,19,29,15,9,25,1,57,3,5,1,9,0,1,2,9,,14,0.53,272,36,-0.61,2,3,2,1,3,0,1,48,2,7,69,56,37,21,54,25,84,3,15,20,8,19,42,16,42,38,12,22,55,37,79,47,60,92,65,0.53,,,0,,,,"2026-07-16T03:00:01.840Z",51,15,590,20,3,0,20,30,11,3,33,3,50,1,15,6,11,2,3,3,7,,20,1.84,537,64,0.02,5,1,7,7,8,2,1,52,0,28,75,54,53,27,34,39,91,6,19,32,12,15,80,13,27,48,10,22,45,42,79,53,198,230,86,1.94,,,1,,,
"Row100",8387,"2026-07-14T21:55:33.358Z",44,11,472,14,4,,22,11,12,8,46,0,57,0,10,7,8,0,2,2,7,1,14,0.3,395,49,-0.43,3,0,4,5,6,0,0,44,3,20,80,72,36,22,44,34,83.7,4,20,20,7,21,33,19,36,53,8,25,32,33,68,49,91,117,78,0.3,,0,2,,,,"2026-07-14T21:55:33.358Z",56,12,500,22,5,,16,22,10,10,50,3,64,3,10,1,10,0,1,3,7,0,22,1.63,428,51,0.07,2,3,5,5,5,1,2,36,3,13,76,81,26,25,53,22,85.6,1,8,13,2,6,33,14,49,29,17,25,68,35,68,51,61,79,77,1.63,,1,0,,,
"Row99",8386,"2026-07-12T09:01:21.670Z",57,14,692,17,4,1,19,29,18,8,47,4,47,4,22,8,8,1,3,7,12,1,17,2,615,59,0.11,7,4,12,8,10,2,2,73,2,33,108,83,69,24,36,40,88.9,7,22,32,10,14,71,22,51,43,18,32,56,40,69,58,222,261,85,2.11,1,2,,,0,,"2026-07-12T09:01:21.670Z",43,18,474,12,3,2,16,26,14,11,49,1,42,4,11,2,8,0,2,3,6,1,12,0.53,399,41,-0.11,5,4,5,3,6,0,1,69,4,19,107,86,71,25,40,35,84.2,3,19,16,3,12,25,23,54,43,14,32,44,29,69,42,106,150,71,0.53,0,2,,,1,
"Row98",8385,"2026-07-12T05:01:21.622Z",47,10,576,24,1,0,16,21,8,10,43,1,50,6,13,7,6,1,1,3,8,,24,0.77,492,48,0.93,4,6,10,6,3,1,1,61,1,31,85,80,55,17,48,35,85.4,3,19,16,5,14,36,20,48,42,12,24,50,35,77,45,124,165,75,0.77,0,,1,0,,,"2026-07-12T05:01:21.622Z",53,8,626,15,5,1,27,35,10,7,45,3,73,3,14,4,13,0,0,3,7,,15,1.06,567,52,-0.61,8,3,8,3,6,1,2,72,3,31,92,75,61,22,34,44,90.6,9,21,43,17,28,61,26,50,52,12,24,50,42,77,55,140,166,84,0.97,2,,1,1,,
"Row97",8384,"2026-07-11T03:01:21.217Z",51,13,665,11,3,0,22,15,18,4,49,2,45,1,17,5,4,0,2,5,4,2,11,2.08,598,68,-0.42,8,1,10,4,7,,2,64,3,42,110,72,68,27,36,37,89.9,2,19,11,8,14,57,21,37,57,7,19,37,35,63,56,229,271,85,2.2,0,,0,0,,,"2026-07-11T03:01:21.217Z",49,18,314,10,1,1,15,33,13,13,39,1,60,6,5,1,6,0,2,2,10,1,10,0.37,244,32,0.59,2,6,4,1,1,,1,33,1,11,76,80,23,24,59,17,77.7,2,10,20,6,11,55,20,45,44,12,19,63,28,63,44,46,73,63,0.37,1,,1,1,,
"Row96",8287,"2026-07-10T19:01:59.875Z",57,12,520,10,1,0,21,15,11,5,40,2,60,2,16,3,9,1,1,5,8,,10,1.41,467,61,0.13,4,2,9,7,7,,2,56,3,20,110,88,54,20,54,26,89.8,5,12,42,8,13,62,32,49,65,14,21,67,29,55,53,84,108,78,1.46,0,0,0,0,1,,"2026-07-10T19:01:59.875Z",43,11,335,14,1,1,11,17,12,8,44,0,50,2,3,1,6,0,2,0,7,,14,0.07,272,39,-0.47,2,2,1,1,2,,0,39,2,2,78,89,31,16,65,19,81.2,1,8,13,1,5,20,17,46,37,7,21,33,26,55,47,25,56,45,0.07,1,2,1,1,2,
"Row95",8383,"2026-07-10T04:01:20.668Z",54,10,485,11,,0,17,22,12,7,41,5,73,1,22,5,4,1,0,5,11,,11,3.04,432,48,0.07,8,1,12,9,10,5,,63,3,26,72,54,45,19,37,44,89.1,5,12,42,8,21,38,14,30,47,12,13,92,30,65,46,141,179,79,3.04,,1,0,,,0,"2026-07-10T04:01:20.668Z",46,13,524,17,,3,18,12,10,13,41,0,35,6,5,5,3,0,1,1,6,,17,0.14,452,52,0.6,1,6,1,3,4,0,,35,5,8,56,64,25,17,59,24,86.3,2,13,15,10,18,56,12,39,31,1,13,8,35,65,54,86,110,78,0.14,,0,3,,,1
"Row94",8382,"2026-07-08T04:04:34.061Z",46,22,626,13,5,2,22,37,21,11,46,0,54,3,7,3,5,0,3,1,13,,13,0.35,546,53,0.43,2,3,4,4,3,0,,65,2,18,98,86,66,24,53,23,87.2,1,15,7,4,15,27,31,62,50,16,31,52,36,81,44,101,143,71,0.35,,1,1,,,,"2026-07-08T04:04:34.061Z",54,21,548,16,4,0,19,21,22,9,55,2,44,2,15,7,7,2,2,4,12,,16,1.03,454,47,0.17,3,2,9,8,6,2,,58,4,21,115,112,65,24,54,22,82.8,4,18,22,9,15,60,33,78,42,15,31,48,45,81,56,63,105,60,1.03,,0,0,,,
"Row93",8381,"2026-07-08T00:04:33.125Z",53,13,602,20,3,0,19,14,10,2,48,6,75,0,19,6,10,1,0,4,7,2,20,2.9,540,64,-0.28,7,0,11,8,8,4,2,74,6,34,121,64,100,24,21,55,89.7,8,26,31,11,16,69,19,31,61,8,15,53,42,80,53,191,233,82,2.8,0,0,1,,,0,"2026-07-08T00:04:33.125Z",47,11,346,15,0,2,25,43,13,13,36,2,53,4,5,1,5,0,3,1,10,1,15,0.97,287,36,-0.28,2,4,4,3,1,0,2,26,1,8,62,82,33,16,62,22,82.9,2,8,25,10,26,38,10,33,30,7,15,47,38,81,47,35,52,67,0.98,3,1,0,,,1
"Row92",8380,"2026-07-07T08:04:33.038Z",47,11,527,21,0,1,25,22,9,6,51,0,48,3,7,3,14,0,2,0,9,1,21,0.67,458,56,-0.36,2,3,5,5,2,0,0,65,1,12,94,53,56,39,27,34,86.9,2,11,18,10,19,53,20,37,54,10,22,45,40,84,48,97,137,71,0.67,,1,1,3,,,"2026-07-07T08:04:33.038Z",53,9,410,23,1,0,18,20,11,7,52,4,48,1,15,5,10,0,0,4,9,0,23,2.15,333,44,-0.69,7,1,10,4,5,2,2,45,0,21,70,74,28,33,35,32,81.2,5,14,36,10,21,48,19,59,32,12,22,55,44,84,52,61,96,64,2.15,,1,1,0,,
"Row91",8379,"2026-07-07T03:04:32.930Z",56,9,426,14,2,1,20,23,13,6,49,1,64,5,10,3,5,1,2,3,7,0,14,0.58,357,45,0.47,2,5,7,5,3,1,0,61,2,11,104,87,54,33,45,22,83.8,4,13,31,9,23,39,24,53,45,9,12,75,35,67,52,80,114,70,0.6,1,2,4,,,,"2026-07-07T03:04:32.930Z",44,13,531,19,1,0,17,14,9,6,47,3,79,2,15,7,9,0,1,3,5,3,19,1.77,467,55,0.87,6,2,8,6,7,2,1,48,3,28,105,91,64,30,41,29,87.9,1,16,6,5,10,50,17,36,47,3,12,25,32,67,48,121,153,79,1.78,0,2,1,,,
"Row90",8378,"2026-07-06T09:04:32.303Z",43,14,455,16,1,0,24,13,6,4,31,2,38,2,20,12,12,0,2,7,7,0,16,1.87,420,67,-0.01,5,2,12,8,8,,2,77,2,35,125,70,85,27,31,42,92.3,11,49,22,5,11,45,30,42,71,10,21,48,27,66,41,161,190,85,1.94,1,,,1,0,,"2026-07-06T09:04:32.303Z",57,7,244,18,0,2,12,48,13,13,30,3,50,3,6,2,6,1,4,0,4,1,18,1.55,195,33,-0.15,5,3,4,1,2,,3,37,1,14,62,78,32,15,53,32,79.9,1,4,25,8,18,44,22,45,49,11,22,50,39,66,59,28,58,48,1.55,5,,,1,1,
"Row89",8377,"2026-07-06T04:00:06.953Z",51,7,329,23,1,1,13,22,4,4,39,5,39,3,14,5,7,1,1,4,11,1,23,2.73,279,34,-0.46,4,3,10,6,4,4,1,47,3,32,67,63,50,15,48,37,84.8,1,16,6,10,17,59,19,41,46,4,15,27,39,70,56,101,122,83,2.73,0,,1,,,0,"2026-07-06T04:00:06.953Z",49,6,680,14,1,3,14,17,7,8,39,3,79,4,9,5,14,0,0,1,6,0,14,0.84,617,66,0.76,5,4,7,3,2,2,1,75,1,17,122,92,59,25,46,29,90.7,1,12,8,11,20,55,24,49,49,11,15,73,31,70,44,175,215,81,0.84,1,,1,,,1
"Row88",8376,"2026-07-05T05:03:54.213Z",47,13,183,29,,2,19,22,11,12,39,0,72,4,5,2,5,0,0,1,14,,29,0.15,99,24,0.82,1,4,1,3,4,0,0,42,0,5,56,68,24,23,65,12,54.1,0,4,0,3,12,25,12,55,22,6,22,27,43,83,52,13,51,25,0.15,1,1,1,,,,"2026-07-05T05:03:54.213Z",53,11,568,14,,0,17,27,12,7,50,2,57,1,15,12,15,0,3,4,10,,14,1.36,510,76,0.37,5,1,5,6,10,1,1,87,3,24,103,65,65,37,37,26,89.8,1,23,4,14,28,50,26,42,62,16,22,73,40,83,48,199,233,85,1.36,1,3,1,,,
"Row87",8375,"2026-07-05T01:03:54.140Z",47,24,357,18,2,0,24,10,14,1,43,1,56,1,11,11,6,0,4,3,5,,18,0.86,272,45,-0.87,3,1,7,5,4,1,0,57,4,32,77,61,49,17,30,53,76.2,8,29,28,4,10,40,12,31,39,16,36,44,36,74,49,87,136,64,0.86,0,0,1,,,,"2026-07-05T01:03:54.140Z",53,14,472,12,3,1,23,51,24,3,44,3,75,3,5,1,10,1,4,0,8,,12,0.77,389,55,0.66,4,3,3,1,2,1,2,37,1,10,72,77,30,16,65,19,82.4,1,5,20,5,13,38,17,49,35,20,36,56,38,74,51,34,62,55,0.78,3,2,0,,,
"Row86",8374,"2026-07-04T09:33:53.650Z",47,14,586,12,2,0,15,25,10,9,41,5,67,0,20,3,6,0,2,4,5,,12,2.18,532,61,0,8,0,12,8,8,4,1,55,1,19,81,75,56,27,47,26,90.8,5,15,33,5,12,42,31,54,57,7,12,58,27,60,45,99,122,81,2.18,0,,0,,,,"2026-07-04T09:33:53.650Z",53,10,376,13,0,4,16,11,14,12,41,0,54,7,8,2,7,0,3,5,5,,13,0.26,312,39,1.92,0,7,2,3,6,0,0,52,0,8,69,61,43,29,46,25,83,2,15,13,6,11,55,9,47,19,5,12,42,33,60,55,47,86,55,0.26,1,,1,,,
"Row85",8373,"2026-07-04T06:03:53.655Z",52,13,849,22,3,2,16,25,12,11,45,3,59,3,22,8,13,0,1,7,9,7,22,2.16,779,64,-0.58,10,3,15,5,7,2,1,82,5,51,101,74,56,32,24,44,91.8,6,15,40,10,16,63,25,39,64,14,27,52,43,83,52,238,285,84,2.18,,,1,,,,"2026-07-04T06:03:53.655Z",48,12,476,19,2,2,18,27,13,8,49,0,42,8,16,8,11,0,1,6,9,0,19,0.45,408,36,-0.6,5,8,6,5,10,0,0,57,2,16,76,74,31,23,44,33,85.7,6,21,29,10,21,48,21,50,42,13,27,48,40,83,48,73,104,70,0.45,,,0,,,
"Row84",8372,"2026-07-04T02:03:58.852Z",51,12,507,10,0,,26,29,14,9,43,0,70,3,16,4,12,1,0,9,9,,10,0.87,404,42,0.22,1,3,10,6,6,0,0,81,3,33,114,85,65,28,37,35,79.7,7,24,29,10,14,71,19,58,33,30,56,54,33,68,49,95,150,63,0.87,1,,,,,,"2026-07-04T02:03:58.852Z",49,14,723,16,3,,19,37,12,12,41,3,38,1,14,7,3,0,2,6,8,,16,1.36,614,58,-0.9,4,1,8,4,6,2,1,74,2,31,127,100,68,20,43,37,84.9,6,24,25,8,15,53,35,74,47,26,56,46,35,68,51,131,180,73,1.36,1,,,,,
"Row83",8371,"2026-07-03T11:03:53.235Z",52,10,436,20,0,,20,25,12,9,50,2,70,2,11,4,10,0,0,2,16,1,20,2.56,354,45,0.26,5,2,9,4,2,1,1,36,1,28,71,78,33,15,61,24,81.2,4,14,29,10,22,45,19,50,38,16,26,62,42,85,49,55,85,65,2.52,,,,0,,,"2026-07-03T11:03:53.235Z",48,12,561,22,2,,17,14,10,6,55,1,45,2,8,2,10,0,2,3,9,0,22,0.73,476,55,-0.29,2,2,5,3,3,1,0,72,0,15,84,72,35,29,56,15,84.8,1,6,17,11,21,52,29,64,45,10,26,38,43,85,51,90,136,66,0.73,,,,1,,
"Row82",8370,"2026-07-03T07:03:53.121Z",55,6,584,19,1,2,9,19,11,7,40,5,47,5,15,9,10,1,1,4,5,0,19,2.18,532,61,0.55,3,5,10,8,5,4,1,90,2,19,102,79,61,29,34,37,91.1,6,20,30,10,23,43,20,40,50,12,20,60,41,76,54,126,160,79,2.18,,1,1,,,,"2026-07-03T07:03:53.121Z",44,12,368,23,4,0,14,19,6,14,35,4,48,2,13,5,17,1,2,2,9,1,23,1.34,311,39,-0.45,6,2,10,5,3,3,1,23,1,22,75,74,47,20,51,29,84.5,7,22,32,5,7,71,17,43,40,8,20,40,34,75,45,57,75,76,1.34,,0,0,,,
"Row81",8369,"2026-07-03T03:03:53.027Z",64,8,630,19,2,0,15,15,15,7,46,4,68,0,23,9,8,1,0,7,6,,19,2.84,570,65,0,10,0,15,6,8,1,3,53,3,51,95,65,61,25,42,33,90.5,8,22,36,7,15,47,23,35,66,12,15,80,41,68,60,138,166,83,2.84,0,1,,,,,"2026-07-03T03:03:53.027Z",36,15,346,16,5,1,7,21,8,8,44,1,50,6,5,0,8,0,1,1,7,,16,0.32,284,35,-0.57,0,6,4,4,1,1,0,29,0,11,60,69,28,23,64,13,82.1,3,13,23,5,16,31,14,37,38,3,15,20,27,68,40,42,58,72,0.32,2,1,,,,
"Row80",8368,"2026-07-02T08:03:52.435Z",57,7,415,12,3,,20,27,13,4,42,1,67,3,8,4,6,1,0,2,9,,12,0.92,346,48,0.13,2,3,6,4,2,,1,63,5,24,122,91,59,31,32,37,83.4,3,14,21,9,19,47,18,46,39,12,21,57,34,59,58,76,118,64,0.92,0,1,,0,1,,"2026-07-02T08:03:52.435Z",43,13,446,16,0,,20,28,7,11,29,0,81,0,10,3,4,0,1,3,8,,16,0.25,364,52,-1.73,3,0,5,4,5,,0,52,1,7,99,97,45,25,61,14,81.6,0,13,0,2,10,20,12,51,24,9,20,45,25,59,42,60,93,65,0.25,2,0,,2,0,
"Row79",8367,"2026-07-02T04:03:53.737Z",52,22,699,12,2,0,16,28,11,10,64,3,33,3,19,4,6,1,1,5,8,0,12,1.8,602,52,-0.15,5,3,11,9,8,0,3,72,2,38,113,92,83,25,35,40,86.1,7,26,27,9,15,60,24,49,49,27,42,64,32,72,44,130,185,70,1.8,,1,,0,,,"2026-07-02T04:03:53.737Z",48,12,639,12,2,1,19,31,22,12,60,3,33,3,19,2,7,2,1,3,11,1,12,3.53,536,48,-0.61,5,3,10,11,9,1,2,93,2,29,107,101,71,18,51,31,83.9,5,22,23,9,14,64,33,83,40,15,43,35,40,72,56,153,201,76,3.64,,2,,1,,
"Row78",8366,"2026-07-02T00:03:54.252Z",49,10,516,11,0,0,15,23,12,4,44,7,64,1,16,5,10,0,1,3,7,2,11,2.04,468,60,-0.85,7,1,13,6,3,6,1,75,4,40,81,73,82,11,28,61,90.7,9,43,21,7,17,41,18,31,58,14,23,61,30,66,45,167,198,84,2.04,0,0,,,,,"2026-07-02T00:03:54.252Z",51,12,365,20,4,2,24,36,10,16,35,1,35,5,7,3,5,1,1,2,3,0,20,0.76,299,40,-0.04,2,5,2,3,5,1,0,49,2,12,75,81,42,10,66,24,81.9,2,13,15,6,12,50,18,46,39,9,23,39,36,66,55,58,87,67,0.8,2,2,,,,
"Row77",8365,"2026-07-01T10:03:51.880Z",55,10,319,10,0,1,16,38,14,13,35,2,50,1,15,3,6,0,0,3,7,1,10,1.02,249,43,0.63,3,1,10,9,5,2,,61,1,20,81,63,38,21,51,28,78.1,4,7,57,4,9,44,28,59,47,21,33,64,28,56,50,60,103,58,1.02,2,1,,0,0,,"2026-07-01T10:03:51.880Z",45,14,407,11,1,1,22,21,10,14,33,1,73,1,7,8,4,1,3,1,5,1,11,0.73,340,57,-0.57,1,1,5,5,2,1,,73,1,19,81,69,53,23,40,37,83.5,3,25,12,7,13,54,16,52,31,12,33,36,28,56,50,89,132,67,0.73,0,0,,1,1,
"Row76",8364,"2026-07-01T05:03:52.255Z",53,14,551,13,3,1,10,23,10,8,46,6,54,3,25,9,4,2,,4,5,3,13,3.17,485,61,0.6,12,3,16,9,9,4,2,61,1,32,79,68,52,34,19,47,88,4,16,25,11,21,52,19,37,51,13,20,65,33,67,49,179,207,86,3.18,,0,,,,,"2026-07-01T05:03:52.255Z",47,10,352,14,1,3,19,26,14,8,35,0,57,9,8,1,9,0,,1,12,2,14,0.65,280,39,1.16,3,9,7,4,1,0,0,49,0,15,79,68,32,40,30,30,79.5,3,10,30,7,11,64,11,44,25,7,20,35,34,67,51,64,106,60,0.64,,1,,,,
"Row75",8363,"2026-07-01T01:03:51.824Z",55,6,401,24,2,0,16,11,7,3,44,2,75,1,14,14,6,0,0,1,4,0,24,1.36,339,47,0.03,5,1,10,9,4,1,1,38,2,48,58,50,40,15,41,44,84.5,7,29,24,7,20,35,17,38,45,11,26,42,38,63,60,101,129,78,1.36,0,,,,,,"2026-07-01T01:03:51.824Z",45,7,473,19,2,1,23,38,6,12,34,4,53,4,9,3,7,0,1,3,6,1,19,2.02,415,53,0.44,4,4,8,2,1,3,1,48,1,25,67,59,37,20,45,35,87.7,5,10,50,3,20,15,18,34,53,15,26,58,25,63,40,105,135,78,2.02,2,,,,,
"Row74",8362,"2026-06-30T09:03:51.295Z",51,18,373,18,3,1,28,21,15,8,46,1,50,5,6,5,6,0,0,3,11,0,18,0.23,293,30,1.23,2,5,4,1,2,0,1,60,0,18,72,54,38,36,36,28,78.6,3,10,30,2,15,13,16,47,34,19,30,63,34,74,46,45,92,49,0.23,0,,1,,,,"2026-06-30T09:03:51.295Z",49,15,878,19,0,0,17,35,18,5,51,5,74,1,11,8,6,1,1,2,10,3,19,1.4,800,70,-0.83,5,1,7,4,4,4,1,102,2,20,79,60,45,51,23,26,91.1,4,18,22,7,19,37,21,49,43,11,30,37,40,74,54,155,191,81,1.4,1,,0,,,
"Row73",8361,"2026-06-30T04:33:51.459Z",44,18,799,14,4,0,23,23,12,5,77,2,71,2,21,16,13,0,2,8,4,,14,1.49,719,75,-0.49,6,2,11,7,10,2,1,127,6,41,174,90,151,24,17,59,90,10,56,18,13,33,39,26,39,67,21,40,53,39,96,41,255,314,81,1.49,1,0,1,,,,"2026-06-30T04:33:51.459Z",56,12,257,33,1,1,12,54,18,14,62,3,64,6,7,6,8,0,2,2,13,,33,0.42,161,25,0.59,3,6,6,2,1,2,1,55,2,13,97,96,47,17,57,26,62.6,6,21,29,8,14,57,20,78,26,19,40,48,57,96,59,40,84,48,0.42,1,3,0,,,
"Row72",8360,"2026-06-30T01:03:51.334Z",55,4,682,12,1,0,21,18,13,4,38,4,67,1,19,6,5,1,2,6,9,,12,1.72,625,69,-0.54,7,1,12,6,7,2,2,107,4,35,121,65,97,32,30,38,91.6,9,40,23,5,10,50,21,45,47,12,27,44,27,44,61,210,242,87,1.74,0,0,,1,,,"2026-06-30T01:03:51.334Z",45,13,315,10,0,1,16,45,4,10,32,0,40,4,5,2,9,0,3,2,4,,10,0.23,261,31,-0.3,2,4,2,1,3,0,0,44,1,11,69,69,38,25,51,24,82.9,2,10,20,3,6,50,24,45,53,15,27,56,17,44,39,55,80,69,0.23,2,4,,1,,
"Row71",8359,"2026-06-29T03:13:23.070Z",53,10,550,22,1,,17,34,16,12,47,0,59,5,6,1,13,0,0,1,16,1,22,0.13,468,58,0.63,1,5,1,4,5,0,,58,0,9,78,89,28,15,77,8,85.1,2,8,25,13,20,65,32,70,46,11,31,35,51,86,59,56,90,62,0.13,,0,1,,,,"2026-06-29T03:13:23.070Z",47,16,380,20,0,,21,14,10,4,56,4,75,1,12,4,8,0,2,0,8,1,20,1.32,298,42,0.04,7,1,9,5,3,4,,63,2,28,94,72,46,28,38,34,78.4,5,12,42,6,20,30,15,30,50,22,33,67,34,85,40,78,128,61,1.32,,1,0,,,
"Row70",8358,"2026-06-28T10:10:24.214Z",52,13,285,16,1,,11,13,7,9,39,1,50,1,5,2,7,0,3,2,19,,16,0.74,228,27,-1.55,1,1,2,2,3,0,1,36,1,4,52,49,20,39,42,19,80,2,7,29,9,16,56,15,37,41,2,5,40,32,61,52,44,69,64,0.74,,,1,,,,"2026-06-28T10:10:24.214Z",48,7,799,14,3,,19,11,12,4,38,3,36,0,12,6,10,2,0,1,12,,14,2.13,735,73,-0.28,4,0,6,7,6,2,1,60,6,15,74,48,44,40,16,44,92,3,5,60,3,9,33,15,25,60,3,5,60,29,61,48,115,156,74,2.13,,,1,,,
"Row69",8357,"2026-06-28T10:10:20.445Z",60,3,755,12,1,,16,17,7,9,27,3,50,0,12,0,3,1,0,2,3,1,12,1.59,706,65,-1.92,5,0,6,5,6,1,2,64,1,21,89,78,52,30,50,20,93.5,0,5,0,12,19,63,25,43,58,4,13,31,30,44,68,112,135,83,1.62,,,0,1,,,"2026-06-28T10:10:20.445Z",40,7,397,10,3,,10,19,3,6,36,2,40,2,10,3,8,0,1,1,10,1,10,1.41,346,35,-0.56,3,2,6,6,4,0,2,39,0,18,70,57,41,22,39,39,87.2,3,13,23,1,5,20,14,33,42,9,13,69,14,44,32,75,99,76,1.44,,,1,0,,
"Row68",8355,"2026-06-28T07:40:30.012Z",44,12,545,14,3,0,10,17,6,14,34,2,57,2,24,5,7,0,1,7,5,0,14,1.63,485,55,0.43,6,2,15,11,9,2,,53,0,35,65,49,40,22,42,36,89,3,10,30,4,5,80,24,45,53,5,13,38,23,51,45,167,195,86,1.63,,,,,,,"2026-06-28T07:40:30.012Z",56,6,446,8,2,2,9,22,12,9,39,1,50,6,13,2,7,0,0,4,11,1,8,0.69,406,45,0.73,2,6,5,7,8,1,,50,2,14,57,66,33,27,44,29,91,2,14,14,9,16,56,20,30,67,8,13,62,29,52,56,92,107,86,0.72,,,,,,
"Row67",8356,"2026-06-28T07:40:20.341Z",48,6,487,20,3,1,26,25,15,7,64,3,65,1,19,2,17,0,3,1,7,,20,2.35,401,58,-0.68,4,1,11,14,8,1,2,63,3,30,103,79,44,37,30,33,82.3,5,21,24,11,23,48,28,59,47,12,35,34,46,87,53,91,128,71,2.35,0,0,0,,,,"2026-06-28T07:40:20.341Z",52,16,355,29,1,0,23,38,6,15,51,0,62,1,4,4,10,0,2,0,12,,29,0.27,269,42,-0.63,1,1,3,3,1,0,0,51,1,8,85,71,34,35,37,28,75.8,2,16,13,6,16,38,21,59,36,23,35,66,41,87,47,61,99,62,0.28,1,1,2,,,
"Row66",8354,"2026-06-28T05:10:29.173Z",42,16,267,16,4,1,24,36,13,12,48,0,69,4,13,3,9,0,2,3,6,0,16,0.67,201,33,-0.12,2,4,9,8,4,0,0,39,2,13,83,88,47,23,55,22,75.3,3,10,30,6,15,40,25,54,46,12,28,43,32,76,42,31,55,56,0.58,0,,0,,,,"2026-06-28T05:10:29.173Z",58,13,557,18,4,1,14,20,16,8,49,4,94,2,17,7,8,0,1,3,5,7,18,1.49,493,67,0.15,6,2,12,8,5,2,2,68,1,39,119,88,78,26,33,41,88.5,4,25,16,10,18,56,20,36,56,16,28,57,44,76,58,140,182,77,1.49,1,,1,,,
"Row65",8353,"2026-06-28T05:10:20.377Z",53,9,523,14,1,0,16,23,13,7,39,0,57,0,8,3,7,1,1,2,4,,14,0.46,478,53,-0.01,4,0,3,2,5,0,0,47,2,9,65,63,30,25,52,23,91.4,3,15,20,6,12,50,16,37,43,7,15,47,33,61,54,75,95,79,0.46,1,0,0,,,,"2026-06-28T05:10:20.377Z",47,13,455,13,2,1,10,10,9,5,38,2,62,2,6,2,4,0,1,2,10,,13,0.71,402,47,-1.11,1,2,3,3,3,1,1,60,1,8,69,67,29,37,40,23,88.4,3,12,25,6,16,38,18,40,45,8,15,53,28,61,46,45,82,55,0.73,0,2,1,,,
"Row64",8352,"2026-06-27T11:10:29.532Z",44,10,435,10,1,1,17,34,7,10,38,0,60,5,6,5,9,0,2,1,6,0,10,0.24,369,45,-2.67,2,5,3,3,3,0,0,37,0,6,65,58,24,27,44,29,84.8,2,17,12,8,12,67,16,38,42,6,14,43,24,54,44,58,82,71,0.25,1,0,1,,,,"2026-06-27T11:10:29.532Z",56,7,526,13,1,1,15,26,10,3,47,4,62,1,35,8,6,1,0,12,10,1,13,3.6,462,55,-0.79,10,1,23,13,12,2,2,50,2,77,73,49,50,23,29,48,87.8,6,16,38,7,11,64,29,47,62,8,14,57,30,54,56,153,193,79,3.65,2,2,0,,,
"Row63",8351,"2026-06-27T11:10:19.753Z",47,11,587,16,0,1,14,40,16,9,39,0,63,3,15,8,13,0,3,6,7,0,16,0.81,512,61,0.42,3,3,8,6,7,0,0,60,2,28,84,71,45,26,44,30,87.2,4,15,27,10,20,50,18,44,41,21,50,42,40,81,49,90,127,71,0.81,3,0,1,,,1,"2026-06-27T11:10:19.753Z",53,16,367,23,3,0,15,32,10,10,36,3,70,2,12,2,9,1,4,2,8,1,23,1.83,281,39,-0.55,4,2,9,6,3,2,1,58,1,22,76,69,34,19,49,32,76.6,1,10,10,8,15,53,29,66,44,29,50,58,41,81,51,51,99,52,1.96,1,1,1,,,0
"Row62",8350,"2026-06-27T08:10:31.799Z",47,14,301,25,5,0,17,14,14,5,51,1,60,0,5,1,9,0,3,1,14,,25,0.2,228,33,-0.78,1,0,2,3,3,1,,42,4,12,70,56,40,28,49,23,75.7,1,16,6,7,15,47,15,43,35,4,20,20,46,86,53,69,105,66,0.2,,1,,1,1,,"2026-06-27T08:10:31.799Z",53,14,623,17,2,1,10,23,14,6,51,1,59,2,6,6,13,1,1,1,9,,17,0.86,553,67,0.1,1,2,5,4,1,1,,47,0,19,76,73,30,31,48,21,88.8,3,12,25,10,22,45,18,34,53,16,20,80,40,86,47,78,108,72,0.86,,0,,0,0,
"Row61",8349,"2026-06-27T08:10:19.817Z",51,10,451,16,2,0,21,29,16,5,52,1,75,3,15,4,15,0,1,5,13,1,16,1.52,385,51,0.33,2,3,9,8,6,1,,60,1,18,77,72,48,23,51,26,85.4,2,18,11,10,24,42,29,56,52,17,27,63,41,86,48,87,122,71,1.52,,,0,,,,"2026-06-27T08:10:19.817Z",49,16,442,29,0,1,27,23,10,12,43,1,52,2,7,2,9,0,3,3,10,0,29,0.4,356,49,0.56,3,2,5,1,2,1,,62,3,20,80,70,41,23,58,19,80.5,3,11,27,6,13,46,23,54,43,11,28,39,45,86,52,72,114,63,0.4,,,1,,,
"Row60",8348,"2026-06-27T03:10:32.400Z",50,10,590,12,1,0,26,10,11,4,53,5,75,1,28,12,4,1,2,5,2,,12,3.03,518,69,0.07,12,1,17,11,11,3,2,95,2,51,93,56,63,28,16,56,87.8,7,25,28,8,24,33,23,43,53,19,31,61,30,67,45,197,243,81,3.03,0,3,,0,0,,"2026-06-27T03:10:32.400Z",50,11,265,20,0,3,16,35,10,20,38,0,65,7,6,3,7,0,2,4,7,,20,0.18,184,31,-0.09,1,7,1,1,5,0,0,32,2,5,78,83,17,21,61,18,69.4,0,6,0,8,13,62,15,69,22,12,31,39,37,66,56,28,54,52,0.18,1,1,,2,1,
"Row59",8347,"2026-06-27T03:10:19.706Z",48,9,420,17,1,1,23,16,10,8,40,4,71,5,10,4,11,0,1,3,13,0,17,1.69,344,43,-1.01,4,5,6,3,4,3,1,41,3,25,71,66,33,19,56,25,81.9,3,9,33,7,14,50,18,41,44,7,20,35,35,67,52,77,112,69,1.69,,,3,,,0,"2026-06-27T03:10:19.706Z",52,11,557,18,2,2,12,18,9,5,54,3,72,3,18,5,8,1,1,3,11,3,18,1.31,480,57,0.27,9,3,10,6,8,2,1,58,1,27,70,59,52,20,34,46,86.2,3,9,33,7,17,41,28,52,54,13,20,65,32,67,48,135,173,78,1.31,,,2,,,1
"Row58",8346,"2026-06-26T10:10:29.110Z",60,13,435,31,2,,28,23,13,6,42,3,65,5,9,2,9,0,0,2,7,,31,1.76,333,47,0.03,4,5,8,3,1,1,2,41,1,23,85,66,52,28,35,37,76.6,0,11,0,9,14,64,23,66,35,13,24,54,51,83,61,79,120,66,2.82,1,0,,,,,"2026-06-26T10:10:29.110Z",40,13,471,14,5,,31,25,13,4,42,4,64,1,18,9,22,1,1,5,11,,14,2.05,399,53,-0.7,7,1,15,6,3,3,1,57,0,37,81,65,52,17,38,45,84.7,5,18,28,5,14,36,17,43,40,11,24,46,32,83,39,84,116,72,2.07,0,2,,,,
"Row57",8345,"2026-06-26T10:10:19.516Z",47,9,427,25,,1,26,24,6,9,43,,64,5,7,1,7,0,1,1,8,,25,0.25,330,44,0.66,2,5,3,4,4,,,57,0,6,75,75,33,25,59,16,77.3,0,7,0,5,17,29,14,58,24,19,44,43,36,73,49,52,91,57,0.25,,0,0,,,,"2026-06-26T10:10:19.516Z",53,6,536,19,,0,28,10,9,9,43,,63,2,12,3,12,0,1,3,7,,19,0.58,439,56,0.3,5,2,7,4,5,,,56,1,14,87,84,51,22,42,36,81.9,4,13,31,10,23,43,18,57,32,25,44,57,37,73,51,74,123,60,0.58,,1,1,,,
"Row56",8343,"2026-06-26T07:10:23.969Z",54,20,441,13,3,2,14,40,11,6,41,2,54,4,8,2,2,0,1,2,4,1,13,1.31,376,52,-0.17,3,4,4,3,4,1,1,51,1,12,82,60,64,29,39,32,85.3,4,12,33,6,10,60,20,51,39,17,29,59,30,58,52,68,101,67,1.31,4,1,1,,,,"2026-06-26T07:10:23.969Z",46,11,394,6,2,1,17,19,20,4,39,0,50,2,10,8,7,1,2,3,5,0,6,0.42,313,48,0.27,5,2,5,2,5,0,0,50,4,14,83,80,62,13,53,34,79.4,3,16,19,4,10,40,17,49,35,12,29,41,28,58,48,74,120,62,0.42,1,1,0,,,
"Row55",8344,"2026-06-26T07:10:19.473Z",48,11,258,16,2,,12,37,10,10,44,3,56,4,10,4,1,0,,1,8,,16,0.43,200,28,-0.5,4,4,4,5,6,2,1,41,0,11,60,72,31,17,58,25,77.5,4,13,31,1,8,13,21,48,44,6,18,33,26,49,53,40,66,61,0.43,2,,1,,,,"2026-06-26T07:10:19.473Z",52,10,652,9,1,,14,10,11,6,43,2,44,3,20,6,7,1,,5,10,,9,1.68,601,72,-0.26,7,3,16,8,4,1,1,112,3,43,128,75,100,28,28,44,92.2,7,28,25,4,14,29,15,23,65,12,18,67,24,51,47,190,230,83,1.68,0,,1,,,
"Row54",8342,"2026-06-26T04:10:22.939Z",51,15,379,26,,0,18,29,10,5,50,2,62,2,7,3,10,0,3,2,12,,26,1.51,313,39,-0.01,3,2,5,2,2,1,1,67,3,17,82,56,52,31,35,34,82.6,3,12,25,8,18,44,24,50,48,9,19,47,44,85,52,79,116,68,1.51,0,1,0,0,,,"2026-06-26T04:10:22.939Z",49,10,592,20,,1,21,15,15,2,50,2,65,1,11,2,11,0,1,5,4,,20,0.65,517,61,-0.4,3,1,6,3,5,1,1,78,4,20,92,65,59,27,31,42,87.3,5,16,31,7,22,32,17,37,46,10,19,53,41,85,48,110,152,72,0.65,1,0,2,1,,
"Row53",8341,"2026-06-26T04:10:19.203Z",50,11,354,20,2,1,19,17,6,5,44,0,60,1,11,4,11,0,2,2,15,0,20,0.47,296,37,-0.2,2,1,6,7,5,0,0,34,1,19,58,61,39,24,49,27,83.6,5,15,33,12,18,67,15,31,48,8,16,50,38,76,50,50,74,68,0.47,0,,0,1,,,"2026-06-26T04:10:19.203Z",50,6,623,17,1,0,20,19,11,6,46,3,59,2,7,6,12,0,1,1,12,1,17,1.3,558,63,0.06,3,2,5,3,2,1,2,41,1,23,77,76,41,18,48,34,89.6,3,16,19,10,18,56,21,39,54,8,16,50,38,76,50,105,133,79,1.3,1,,2,0,,
"Row52",8340,"2026-06-25T09:10:22.116Z",54,9,398,12,1,,20,19,13,11,40,0,67,2,13,5,5,0,0,4,3,,12,0.47,332,52,-0.39,1,2,6,8,7,0,0,44,2,13,62,62,38,21,59,20,83.4,5,26,19,4,11,36,20,52,38,12,21,57,28,53,53,45,74,61,0.47,,1,,1,,,"2026-06-25T09:10:22.116Z",46,13,388,12,0,,20,29,9,11,38,5,67,1,11,1,9,0,1,2,7,,12,1.91,331,48,0.13,5,1,9,4,2,2,3,49,2,15,63,66,35,16,51,33,85.3,1,13,8,4,7,57,36,57,63,9,21,43,25,53,47,84,110,76,1.79,,0,,0,,
"Row51",8339,"2026-06-25T09:10:18.388Z",48,7,336,11,3,,8,41,9,12,46,1,55,2,13,4,5,0,1,4,15,1,11,1.1,275,31,1.42,4,2,5,5,8,1,,39,2,12,48,59,25,27,55,18,81.8,1,8,13,6,12,50,19,54,35,16,36,44,26,51,51,37,67,55,1.12,1,0,0,,,,"2026-06-25T09:10:18.388Z",52,9,718,11,0,,24,15,7,5,42,1,73,3,8,6,5,0,1,1,4,1,11,1,642,69,-0.61,3,3,5,4,3,1,,80,1,19,82,59,56,29,47,24,89.4,7,33,21,7,13,54,31,54,57,20,36,56,25,51,49,161,202,80,1,0,1,1,,,
"Row50",8337,"2026-06-25T06:10:23.640Z",54,10,542,18,5,1,25,13,18,3,40,4,50,1,22,9,13,0,0,5,7,,18,3.26,478,69,-1.51,11,1,15,6,7,1,3,43,3,46,64,64,43,18,38,44,88.2,7,22,32,16,28,57,20,36,56,12,22,55,52,96,54,119,159,75,3.27,,0,0,0,,,"2026-06-25T06:10:23.640Z",46,18,248,25,0,3,15,26,10,8,33,1,48,8,10,1,10,0,3,4,14,,25,0.63,198,31,-0.23,2,8,5,4,5,0,0,25,3,9,58,63,18,22,50,28,79.8,2,3,67,9,17,53,20,43,47,10,22,45,44,96,46,20,40,50,0.66,,1,1,1,,
"Row49",8338,"2026-06-25T06:10:18.648Z",37,10,501,11,0,2,16,13,11,11,33,2,55,5,14,7,7,0,1,3,2,0,11,1.03,448,46,1.42,5,5,10,6,4,2,0,59,2,27,63,63,32,26,48,26,89.4,10,23,43,2,8,25,17,35,49,5,19,26,23,57,40,70,94,74,1.13,0,1,0,2,,,"2026-06-25T06:10:18.648Z",63,10,607,13,1,1,10,23,10,4,47,6,46,5,21,6,6,0,2,5,13,3,13,4.46,564,54,1.18,9,5,14,7,7,3,3,68,1,35,71,65,49,23,39,38,92.9,2,12,17,11,16,69,12,28,43,14,19,74,34,57,60,110,132,83,4.46,2,0,1,0,,
"Row48",8335,"2026-06-25T03:10:23.013Z",52,19,441,15,1,1,25,43,13,13,33,3,47,6,6,2,7,0,1,1,5,1,15,1.06,367,55,1.51,4,6,5,1,1,2,1,48,2,14,85,82,45,21,56,23,83.2,1,6,17,5,7,71,19,47,40,15,27,56,33,66,50,36,75,48,1.11,2,1,,0,,,"2026-06-25T03:10:23.013Z",48,13,339,9,3,0,27,19,19,5,40,2,67,2,13,7,10,0,2,3,12,1,9,1.32,271,45,-0.8,7,2,12,3,1,1,1,60,3,23,86,64,53,31,35,34,79.9,6,26,23,5,10,50,20,43,47,12,27,44,33,66,50,71,105,68,1.34,0,0,,1,,
"Row47",8336,"2026-06-25T03:10:18.357Z",63,9,516,10,1,0,12,21,14,8,39,1,90,2,14,5,5,1,1,5,4,2,10,0.64,452,55,0.14,5,2,4,4,10,1,0,47,4,19,65,63,34,18,47,35,87.6,3,22,14,10,16,63,31,52,60,10,14,71,34,56,61,68,99,69,0.64,,,,,,,"2026-06-25T03:10:18.357Z",37,14,434,11,3,2,18,24,9,9,34,3,45,3,9,5,6,1,1,0,4,0,11,0.77,370,45,-2.11,3,3,5,6,4,2,1,47,1,16,64,60,35,17,46,37,85.3,5,17,29,3,7,43,17,53,32,4,14,29,22,56,39,75,105,71,0.77,,,,,,
"Row46",8334,"2026-06-24T10:10:17.960Z",57,12,540,10,7,1,13,19,16,11,43,2,60,1,20,5,8,1,2,6,10,,10,1.03,473,64,0.08,9,1,11,5,9,2,,63,1,26,118,94,61,29,40,31,87.6,3,12,25,2,8,25,40,66,61,18,26,69,26,51,51,116,158,73,1.04,0,,0,,,,"2026-06-24T10:10:17.960Z",43,16,298,14,0,3,20,18,12,11,36,0,64,8,8,4,8,0,1,2,7,,14,0.39,224,36,0.39,1,8,4,5,4,0,,38,0,10,73,80,31,18,64,18,75.2,4,14,29,1,2,50,14,49,29,8,26,31,25,51,49,33,68,49,0.39,1,,1,,,
"Row45",8333,"2026-06-24T07:10:17.856Z",47,19,358,10,1,1,14,29,12,6,48,1,50,1,8,7,10,0,1,2,3,0,10,0.62,278,42,0.24,1,1,6,5,2,1,0,57,2,19,84,73,50,17,39,44,77.7,6,29,21,9,17,53,24,57,42,24,38,63,30,76,39,70,112,63,0.62,,,0,,,,"2026-06-24T07:10:17.856Z",53,12,514,18,2,1,14,36,19,8,48,3,39,1,6,2,10,0,1,1,5,1,18,1.66,432,58,0.03,2,1,4,3,2,2,1,59,3,12,103,95,53,19,53,28,84,4,17,24,10,10,100,17,51,33,14,38,37,46,76,61,79,110,72,1.66,,,1,,,
"Row44",8332,"2026-06-24T04:10:17.910Z",57,14,632,14,2,,22,6,24,1,33,2,50,0,19,9,12,1,1,6,1,,14,1.28,585,79,0,4,0,14,9,5,2,,88,6,34,90,53,72,31,30,39,92.6,7,30,23,6,15,40,14,27,52,17,25,68,42,79,53,172,203,85,1.33,0,,0,,,,"2026-06-24T04:10:17.910Z",43,24,173,21,2,,9,38,14,12,28,1,76,3,2,2,8,0,1,1,8,,21,0.29,128,21,0.34,1,3,2,0,0,1,,40,0,10,51,61,19,21,67,12,74,0,5,0,3,9,33,24,57,42,8,25,32,37,79,47,22,48,46,0.29,1,,2,,,
"Row43",8331,"2026-06-24T01:13:18.672Z",55,14,623,14,2,0,20,16,15,5,50,7,86,2,17,3,6,0,1,3,5,3,14,2.41,561,66,0.11,9,2,12,5,5,5,2,79,8,38,117,85,57,25,28,47,90,5,22,23,14,26,54,23,42,55,11,16,69,43,82,52,138,176,78,2.41,1,2,0,,,,"2026-06-24T01:13:18.672Z",45,15,324,18,2,2,16,29,14,6,46,0,78,4,7,2,7,0,1,3,14,0,18,0.25,263,34,-1.08,2,4,4,2,3,0,0,31,2,6,76,91,24,33,51,16,81.2,0,8,0,8,15,53,8,28,29,5,16,31,39,82,48,52,73,71,0.25,0,0,3,,,
"Row42",8330,"2026-06-23T11:13:18.249Z",50,11,251,32,1,1,28,37,6,7,56,1,47,6,8,1,9,0,1,0,2,1,32,0.65,180,28,0.15,4,6,4,4,4,1,0,37,2,14,58,61,33,19,55,26,71.7,2,5,40,6,22,27,22,53,42,17,32,53,43,89,48,35,64,55,0.65,3,0,1,0,,,"2026-06-23T11:13:18.249Z",50,6,636,25,0,0,23,15,10,6,58,3,72,3,17,10,13,0,1,5,10,2,25,1.81,557,72,-0.44,8,3,11,4,6,2,1,87,4,31,82,73,51,24,34,42,87.6,5,21,24,12,30,40,19,44,43,15,33,45,47,89,53,135,179,75,1.81,0,1,0,1,,
"Row41",8329,"2026-06-23T08:13:20.094Z",43,13,352,12,0,,16,26,5,10,43,5,92,2,13,5,11,1,,3,8,1,12,2.1,283,42,-0.65,7,2,11,3,2,3,2,46,0,25,81,79,32,20,50,30,80.4,3,10,30,6,10,60,25,52,48,19,36,53,21,58,36,62,99,63,2.1,,0,0,0,,,"2026-06-23T08:13:20.094Z",57,5,487,15,4,,20,18,13,4,41,4,47,3,16,4,5,0,,6,10,1,15,1.7,429,58,-1.19,4,3,10,6,6,2,2,64,1,26,94,65,58,27,32,41,88.1,8,24,33,9,16,56,36,56,64,17,36,47,37,58,64,134,165,81,1.7,,1,2,2,,
"Row40",8328,"2026-06-23T05:13:18.377Z",39,5,316,6,,,10,6,2,2,30,,50,,7,1,5,0,0,3,4,,6,0.24,284,58,0,1,,1,3,6,,,46,0,20,86,54,72,31,26,43,89.9,1,10,0,5,12,42,11,17,65,5,12,42,13,34,38,110,136,81,2.41,0,,,,,,"2026-06-23T05:13:18.377Z",61,2,233,12,,,8,19,5,7,26,,50,,2,1,5,0,1,1,8,,12,0.16,190,42,-0.96,0,,1,1,1,,,19,1,4,57,80,23,12,73,15,81.5,2,4,50,4,5,80,14,33,42,7,12,58,21,34,62,17,30,57,0.6,2,,,,,
"Row39",8327,"2026-06-23T01:13:19.108Z",51,13,553,21,2,,12,35,12,6,42,3,52,1,12,1,9,0,2,3,8,2,21,2.65,493,54,0.04,5,1,10,4,2,3,,40,4,19,77,84,40,26,50,24,89.2,1,4,25,6,11,55,13,28,46,10,26,38,39,70,56,75,97,77,2.65,,2,0,,,,"2026-06-23T01:13:19.108Z",49,13,468,14,0,,20,14,13,4,26,1,64,2,6,3,12,0,2,0,9,0,14,0.5,402,46,-0.51,1,2,4,5,2,1,,55,4,18,83,51,54,40,33,27,85.9,2,16,13,5,14,36,13,23,57,16,26,62,31,70,44,111,153,73,0.5,,0,1,,,
"Row38",8326,"2026-06-22T09:00:34.504Z",43,14,420,11,3,,21,21,8,10,55,3,55,4,11,4,8,0,2,3,5,,11,1.12,338,44,-0.38,5,4,6,3,5,2,1,46,0,17,97,96,41,24,51,25,80.5,3,15,20,6,14,43,20,49,41,15,34,44,25,59,42,53,88,60,1.47,0,0,1,,,,"2026-06-22T09:00:34.504Z",57,8,528,16,0,,23,34,14,3,56,5,81,4,19,3,7,0,1,6,7,,16,1.96,463,56,0.75,7,4,12,6,7,3,2,73,5,35,111,90,61,22,43,35,87.7,7,22,32,7,11,64,24,50,48,19,34,56,34,59,58,134,164,82,1.96,3,2,2,,,
"Row37",8325,"2026-06-22T06:00:34.450Z",46,11,511,16,3,,30,11,4,4,45,2,50,2,17,11,5,1,2,7,8,0,16,2.34,419,65,-0.75,2,2,9,8,8,,2,74,1,34,85,56,60,25,20,55,82,4,29,14,7,18,39,23,49,47,20,36,56,27,66,41,141,197,72,2.34,,0,,2,,,"2026-06-22T06:00:34.450Z",54,4,277,16,0,,19,47,11,12,43,1,94,0,12,4,10,0,2,4,13,1,16,0.86,206,35,-0.35,4,0,2,4,10,,1,30,3,10,72,71,32,23,48,29,74.4,2,7,29,12,18,67,19,61,31,16,36,44,39,66,59,21,44,48,0.86,,1,,0,,
"Row36",8324,"2026-06-22T03:00:34.629Z",53,7,622,11,3,2,26,11,9,4,62,1,64,3,23,4,12,0,1,6,3,2,11,1.82,535,70,1.09,7,3,20,10,3,1,,79,3,42,113,81,81,31,38,31,86,6,32,19,13,21,62,12,35,34,18,36,50,32,59,54,206,263,78,1.82,0,0,1,,1,,"2026-06-22T03:00:34.629Z",47,9,268,19,4,1,8,50,7,12,49,0,53,7,7,2,8,0,1,1,13,0,19,0.63,198,30,1.7,3,7,6,3,1,0,,42,1,15,59,91,23,15,65,20,73.9,2,8,25,2,5,40,18,49,37,18,36,50,26,58,45,30,65,46,0.63,1,3,1,,0,
"Row35",8323,"2026-06-22T00:00:34.226Z",42,10,725,9,2,0,16,15,2,1,55,5,89,1,22,6,7,1,0,2,16,2,9,2.85,668,67,0.1,8,1,13,12,9,2,3,66,,36,113,94,63,22,36,42,92.1,7,25,28,6,14,43,27,37,73,11,15,73,16,49,33,214,252,85,2.87,,1,1,,,,"2026-06-22T00:00:34.226Z",58,2,364,15,3,2,15,36,10,16,37,0,80,5,3,1,5,0,2,1,12,0,15,0.14,292,33,-0.16,1,5,0,1,3,0,0,44,,2,67,81,17,36,56,8,80.2,0,5,0,8,12,67,14,35,40,4,15,27,33,49,67,55,81,68,0.14,,0,4,,,
"Row34",8319,"2026-06-21T12:00:33.999Z",48,8,353,18,1,1,29,23,15,4,38,0,89,1,2,3,14,0,,1,14,0,18,0.05,284,38,-1.43,0,1,1,1,1,0,0,59,0,8,69,80,32,20,58,22,80.5,2,10,20,2,6,33,16,56,29,5,18,28,34,63,54,42,80,53,0.05,1,0,1,1,,,"2026-06-21T12:00:33.999Z",52,15,581,18,1,0,23,25,8,5,35,3,61,0,11,5,7,0,,3,6,1,18,2.07,520,62,0,5,0,8,3,3,1,2,69,1,17,84,73,57,21,37,42,89.5,2,11,18,4,15,27,19,32,59,13,18,72,29,63,46,94,133,71,2.07,0,1,0,0,,
"Row33",8322,"2026-06-21T08:00:33.889Z",51,7,641,19,1,1,18,17,10,5,56,5,58,3,28,9,12,1,1,3,7,1,19,3.06,577,75,0.93,15,3,22,10,6,5,,103,1,47,99,63,82,32,18,50,90,13,32,41,8,13,62,12,32,38,15,30,50,36,70,51,186,230,81,3.12,,,0,,,,"2026-06-21T08:00:33.889Z",49,10,223,17,2,5,15,31,7,14,57,0,41,15,10,0,5,0,5,3,8,0,17,0.48,154,25,2.48,3,15,4,4,6,0,,30,1,12,71,83,35,35,48,17,69.1,1,1,100,10,24,42,13,50,26,15,30,50,34,70,49,34,54,63,0.49,,,1,,,
"Row32",8321,"2026-06-21T04:00:33.780Z",48,5,622,26,0,,18,16,7,4,51,6,65,1,16,8,11,0,,4,7,1,26,1.83,554,59,0.1,7,1,9,5,7,4,2,80,1,32,111,85,65,27,31,42,89.1,5,21,24,5,14,36,17,30,57,8,16,50,37,78,47,176,221,80,1.83,,0,1,1,,,"2026-06-21T04:00:33.780Z",52,7,431,20,1,,24,26,5,7,55,2,55,5,9,3,13,0,,5,13,0,20,1.23,367,41,0.33,2,5,6,2,3,1,1,37,1,21,110,100,44,25,52,23,85.2,5,9,56,17,30,57,29,58,50,8,16,50,41,78,53,68,94,72,1.23,,2,2,0,,
"Row31",8320,"2026-06-21T01:00:33.681Z",48,9,450,16,3,4,13,24,12,11,40,3,56,7,10,2,7,0,0,1,8,0,16,2.47,397,51,0.52,7,7,6,2,4,,3,47,2,19,75,68,39,23,47,30,88.2,3,15,20,3,14,21,18,35,51,13,26,50,30,63,48,73,97,75,2.47,1,,0,,,,"2026-06-21T01:00:33.681Z",52,12,423,18,3,0,22,14,9,11,36,1,50,2,16,5,11,0,3,3,7,1,18,0.94,361,49,-0.84,8,2,7,5,9,,1,36,3,26,72,65,34,19,47,34,85.3,3,21,14,7,12,58,7,31,23,13,26,50,33,63,52,88,107,82,0.99,0,,1,,,
"Row30",8315,"2026-06-20T11:00:33.287Z",46,14,630,17,2,,34,28,15,3,46,3,71,1,32,12,10,1,1,12,6,1,17,2.1,561,79,-0.76,5,1,16,15,16,3,,75,4,51,111,77,86,23,20,57,89,8,42,19,11,25,44,28,42,67,15,34,44,43,92,47,262,311,84,2.17,0,,,,0,,"2026-06-20T11:00:33.287Z",54,15,177,25,3,,18,47,14,13,49,0,60,5,7,0,7,0,1,2,9,0,25,0.32,93,21,0.59,2,5,3,3,4,0,,47,2,12,63,69,33,17,59,24,52.5,2,6,33,13,23,57,21,64,33,19,34,56,50,93,54,26,64,41,0.32,1,,,,1,
"Row29",8318,"2026-06-20T08:30:33.141Z",57,13,522,22,8,2,20,15,15,5,40,3,50,3,8,4,5,0,1,1,10,3,22,1.5,461,57,0.5,5,3,8,2,0,,3,53,1,24,73,75,41,22,54,24,88.3,1,9,11,4,15,27,21,42,50,14,23,61,40,72,56,71,106,67,1.53,,,1,0,,,"2026-06-20T08:30:33.141Z",43,15,399,16,4,0,14,22,13,5,34,0,69,2,8,4,8,0,3,1,9,0,16,0.27,331,43,-0.69,3,2,5,4,3,,0,50,3,17,73,70,46,27,51,22,83,3,11,27,3,17,18,32,57,56,9,23,39,32,72,44,60,96,63,0.23,,,0,1,,
"Row28",8317,"2026-06-20T06:00:33.092Z",53,11,455,20,1,,9,18,8,7,42,1,60,1,6,2,7,0,1,3,9,0,20,0.54,388,41,-0.51,0,1,5,3,1,1,0,59,2,20,62,69,43,15,56,29,85.3,3,13,23,4,6,67,20,47,43,6,15,40,31,55,56,59,96,61,0.54,,,1,,,,"2026-06-20T06:00:33.092Z",47,8,671,9,0,,19,14,11,7,46,3,56,0,12,5,7,1,1,4,6,2,9,0.97,601,59,0,2,0,9,6,3,2,1,62,2,26,86,82,43,21,54,25,89.6,2,10,20,5,18,28,14,44,32,9,15,60,24,55,44,96,134,72,0.97,,,1,,,
"Row27",8316,"2026-06-20T03:00:33.604Z",50,12,524,21,1,,18,29,16,10,36,1,43,2,10,7,6,0,3,6,21,1,21,1.3,447,62,0.12,2,2,8,2,2,,1,66,2,19,97,81,42,28,42,30,85.3,5,14,36,11,17,65,26,58,45,16,42,38,45,79,57,105,136,77,1.3,,,2,,,,"2026-06-20T03:00:33.604Z",50,16,308,12,0,,22,23,12,4,43,0,83,1,5,4,11,0,4,0,6,1,12,0.44,221,38,-0.91,2,1,3,3,2,,0,44,0,19,69,56,35,29,43,28,71.8,3,19,16,12,22,55,19,45,42,26,42,62,34,79,43,55,85,65,0.44,,,0,,,
"Row26",8314,"2026-06-19T09:00:32.527Z",46,9,429,14,3,0,17,18,7,5,50,2,50,2,8,0,14,0,0,1,6,,14,0.48,350,42,0.46,4,2,5,3,3,1,1,44,,6,80,89,25,16,73,11,81.6,3,5,60,5,10,50,17,59,29,13,25,52,26,59,44,41,74,55,0.48,1,,0,0,,,"2026-06-19T09:00:32.527Z",53,7,579,18,6,1,25,10,9,5,52,3,61,3,9,2,7,0,2,3,5,,18,0.69,486,58,-0.23,2,3,6,4,3,3,0,72,,9,91,85,40,22,64,14,83.9,5,9,56,6,13,46,25,70,36,12,25,48,32,58,55,67,119,56,0.73,0,,1,1,,
"Row25",8313,"2026-06-19T06:00:32.465Z",49,9,566,9,1,0,23,3,10,2,39,5,56,0,33,19,11,0,1,15,6,1,9,4.54,514,79,0,10,0,22,8,11,2,3,60,5,97,68,43,61,15,11,74,90.8,14,55,25,6,11,55,10,16,63,8,15,53,25,52,48,342,381,90,4.84,,0,0,0,0,,"2026-06-19T06:00:32.465Z",51,10,164,16,1,1,9,57,9,13,25,0,63,4,2,1,6,0,1,1,11,0,16,0.18,104,21,-1.32,0,4,1,1,1,0,0,23,1,1,37,52,6,12,80,8,63.4,1,3,33,2,5,40,16,53,30,7,15,47,27,52,52,9,27,33,0.18,,3,1,2,2,
"Row24",8312,"2026-06-19T03:00:32.442Z",59,7,587,19,3,,21,19,17,3,41,3,74,2,13,7,7,0,1,3,4,,19,2.01,517,62,-0.85,7,2,9,3,4,,3,57,3,34,77,45,61,23,32,45,88.1,1,22,5,3,9,33,23,49,47,11,21,52,39,64,61,131,166,79,2.01,1,1,1,,0,,"2026-06-19T03:00:32.442Z",41,18,353,13,1,,8,35,7,8,49,0,23,3,5,3,12,0,2,1,12,,13,0.24,285,38,-1.58,3,3,3,1,2,,0,37,2,8,60,54,36,33,41,26,80.7,1,12,0,5,12,42,12,48,25,10,21,48,25,64,39,42,72,58,0.24,1,0,1,,1,
"Row23",8311,"2026-06-19T00:00:32.322Z",51,12,339,12,2,,16,24,10,8,46,3,33,3,14,5,16,0,1,3,9,0,12,1.02,270,38,0.11,3,3,11,8,3,2,1,39,1,15,58,67,27,22,53,25,79.6,7,16,44,10,14,71,22,45,49,13,22,59,32,67,48,39,66,59,1.02,0,,1,,,,"2026-06-19T00:00:32.322Z",49,10,563,20,3,,15,23,11,10,45,1,50,2,17,5,7,0,2,8,10,2,20,1.37,508,62,-0.42,4,2,6,5,11,0,1,58,2,19,84,79,35,24,53,23,90.2,4,17,24,5,10,50,30,57,53,9,22,41,35,67,52,101,131,77,1.37,1,,1,,,
"Row22",8310,"2026-06-18T10:00:31.860Z",49,14,318,10,0,,24,26,11,10,36,1,70,1,8,3,5,2,1,2,7,0,10,1.14,242,39,-1.7,2,1,4,4,4,0,1,52,4,5,65,68,26,23,55,22,76.1,3,13,23,5,10,50,16,52,31,11,19,58,24,52,46,46,88,52,1.2,,1,1,1,,,"2026-06-18T10:00:31.860Z",51,11,520,10,3,,26,19,14,8,41,4,50,1,15,4,4,1,1,4,6,2,10,1.61,445,61,0.16,4,1,10,7,5,1,3,56,3,27,83,67,36,30,44,26,85.6,6,15,40,5,11,45,17,49,35,8,19,42,28,52,54,89,131,68,1.62,,0,0,1,,
"Row21",8309,"2026-06-18T07:00:31.810Z",50,9,354,17,4,1,21,26,11,10,50,1,59,4,7,2,14,0,1,1,8,0,17,1.25,293,38,1.32,2,4,6,4,1,0,1,64,3,14,66,59,32,25,52,23,82.8,4,16,25,8,23,35,29,51,57,20,32,63,36,80,45,55,81,68,1.25,2,2,,,,,"2026-06-18T07:00:31.810Z",50,11,580,29,1,0,23,18,9,9,48,2,34,2,12,2,10,0,2,2,4,1,29,0.77,501,62,0.04,4,2,7,6,5,2,0,66,1,19,77,70,42,29,51,20,86.4,4,21,19,6,13,46,37,73,51,12,32,38,44,80,55,75,124,60,0.75,0,0,,,,
"Row20",8308,"2026-06-18T04:00:31.820Z",49,10,473,9,0,1,15,16,11,6,47,7,78,3,22,8,4,0,,5,7,2,9,2.8,406,52,-1.41,11,3,20,6,2,5,2,40,2,36,70,66,39,17,42,41,85.8,6,13,46,6,13,46,16,42,38,12,28,43,27,52,52,49,80,61,2.89,2,1,,,,,"2026-06-18T04:00:31.820Z",51,12,442,11,1,3,18,17,10,7,40,2,55,7,10,2,4,0,,2,7,1,11,0.71,379,48,-0.8,5,7,4,3,6,1,1,32,0,17,61,63,39,13,60,27,85.7,2,13,15,4,9,44,18,42,43,16,28,57,25,51,49,64,86,74,0.71,1,0,,,,
"Row19",8307,"2026-06-18T01:00:31.916Z",42,9,783,11,3,,16,10,10,5,40,1,55,1,7,5,11,0,3,2,2,1,11,0.62,723,75,0.03,1,1,5,4,2,,0,102,3,29,99,74,81,24,37,39,92.3,6,23,26,4,12,33,42,65,65,8,16,50,24,60,40,176,208,85,0.69,,2,,,,,"2026-06-18T01:00:31.916Z",58,10,251,19,2,,15,28,9,8,38,1,58,0,8,4,4,0,1,3,5,0,19,0.82,197,25,-0.47,2,0,2,3,6,,1,35,0,11,57,62,36,17,58,25,78.5,1,9,11,8,15,53,11,41,27,8,16,50,36,60,60,50,74,68,0.82,,3,,,,
"Row18",8303,"2026-06-17T12:00:31.411Z",47,12,580,18,3,1,21,23,6,3,51,3,44,3,11,4,6,0,1,1,14,,18,1.66,488,63,0.7,4,3,6,6,5,2,1,63,1,28,104,78,57,26,25,49,84.1,3,17,18,3,12,25,20,48,42,16,25,64,27,66,41,98,141,70,1.66,0,,0,,,,"2026-06-17T12:00:31.411Z",53,7,330,15,1,0,19,39,12,10,39,0,53,1,11,3,9,1,0,2,12,,15,0.53,241,37,-1.73,4,1,7,5,4,0,0,40,2,21,72,65,36,18,46,36,73,3,15,20,15,24,63,22,50,44,9,25,36,39,66,59,65,93,70,0.54,1,,1,,,
"Row17",8306,"2026-06-17T09:00:31.349Z",47,13,561,24,3,,12,15,8,6,49,2,67,0,10,2,10,0,,1,12,1,24,1.23,503,48,0,6,0,4,4,6,1,1,40,0,12,66,73,31,21,56,23,89.7,1,5,20,1,7,14,17,32,53,3,8,38,32,67,48,57,80,71,1.25,,,,,,,"2026-06-17T09:00:31.349Z",53,8,607,16,1,,19,11,13,4,37,0,63,3,7,2,7,0,,3,8,0,16,0.31,558,52,-1.02,0,3,3,4,4,0,0,64,2,12,73,57,38,37,40,23,91.9,1,8,13,6,23,26,13,23,57,5,8,63,35,67,52,116,144,81,0.31,,,,,,
"Row16",8305,"2026-06-17T06:00:31.804Z",52,12,333,19,1,,14,21,13,10,35,1,68,2,11,2,5,0,1,2,5,1,19,0.77,270,39,-1.22,1,2,8,8,3,1,0,43,0,18,68,65,28,27,52,21,81.1,6,13,46,10,21,48,22,53,42,10,26,38,42,74,57,46,75,61,0.77,,,2,2,,,"2026-06-17T06:00:31.804Z",48,13,535,16,0,,22,22,12,9,36,5,63,0,13,5,6,0,0,3,3,0,16,2.53,476,61,-0.45,5,0,12,5,1,2,3,45,4,24,83,75,46,15,48,37,89,7,17,41,5,18,28,18,42,43,16,26,62,32,74,43,72,98,73,2.53,,,0,0,,
"Row15",8304,"2026-06-17T03:00:30.980Z",55,5,576,18,1,,9,14,9,7,54,4,78,2,11,6,3,0,,2,8,4,18,1.89,505,54,-0.89,8,2,7,1,4,2,2,61,3,19,91,73,58,21,48,31,87.7,0,9,0,5,16,31,21,46,46,12,20,60,31,58,53,93,123,76,1.89,,0,0,,,,"2026-06-17T03:00:30.980Z",45,9,497,14,3,,21,17,5,4,56,2,64,5,6,4,13,1,,1,8,0,14,0.5,427,46,-1,2,5,4,3,2,2,0,56,0,14,70,69,47,20,53,27,85.9,1,9,11,8,13,62,25,48,52,8,20,40,27,58,47,69,102,68,0.5,,1,1,,,
"Row14",8302,"2026-06-16T09:00:30.994Z",53,10,405,16,2,1,25,27,8,4,50,3,63,6,17,4,8,1,1,5,13,,16,1.54,312,48,-0.89,4,6,10,8,7,1,2,56,0,25,90,77,44,21,44,35,77,6,19,32,4,10,40,29,63,46,23,39,59,28,57,49,66,110,60,1.5,,,0,,,,"2026-06-16T09:00:30.994Z",47,8,446,14,0,0,16,24,10,11,46,2,79,2,14,1,8,0,0,2,15,,14,1.24,377,52,-0.2,8,2,10,4,4,0,2,47,1,21,86,80,35,29,50,21,84.5,1,12,8,6,14,43,21,40,53,16,39,41,29,57,51,72,98,73,1.24,,,1,,,
"Row13",8301,"2026-06-16T06:00:30.430Z",49,11,319,12,0,5,18,41,6,10,40,1,75,9,7,4,2,0,1,1,7,,12,0.99,233,33,0.51,3,9,4,3,3,0,1,29,1,10,57,67,23,15,63,22,73,3,7,43,3,4,75,10,41,24,20,40,50,20,42,48,38,72,53,1.06,2,,,1,,,"2026-06-16T06:00:30.430Z",51,6,610,3,6,1,20,18,11,3,52,2,67,2,27,13,6,1,0,6,10,,3,1.57,540,67,-0.26,10,2,16,11,11,1,1,65,3,39,91,62,68,24,27,49,88.5,17,46,37,8,14,57,24,41,59,20,40,50,22,42,52,169,203,83,1.65,1,,,1,,
"Row12",8300,"2026-06-16T03:00:30.451Z",48,15,451,16,0,1,28,26,15,1,49,2,69,2,15,2,15,1,2,5,10,,16,1.32,388,53,-0.29,3,2,9,7,6,2,,81,4,30,98,61,61,33,28,39,86,6,16,38,7,19,37,18,30,60,14,22,64,38,86,44,151,192,79,1.31,0,1,2,,,,"2026-06-16T03:00:30.451Z",52,15,397,27,1,1,19,18,15,12,46,2,63,3,14,7,10,0,2,8,12,,27,1.07,322,47,-0.42,3,3,10,3,4,2,,34,0,25,79,74,40,20,57,23,81.1,2,13,15,7,13,54,18,51,35,8,22,36,48,86,56,60,89,67,1.09,1,1,0,,,
"Row11",8299,"2026-06-16T00:00:30.819Z",49,10,801,13,2,0,18,7,1,5,54,2,92,1,27,11,10,1,1,8,6,3,13,2.28,734,74,0.16,7,1,16,12,11,2,,84,,47,175,68,146,39,18,43,91.6,6,36,17,6,13,46,24,30,80,18,27,67,20,50,40,373,425,88,2.29,,0,0,,,,"2026-06-16T00:00:30.819Z",51,1,279,17,3,1,14,45,10,14,48,1,59,7,6,1,6,0,1,2,16,0,17,0.3,205,26,1.46,1,7,2,3,4,1,,26,,4,45,94,15,7,86,7,73.5,1,4,25,4,11,36,18,55,33,9,27,33,30,50,60,14,31,45,0.3,,3,2,,,
"Row10",8298,"2026-06-15T10:00:30.270Z",48,10,353,14,3,,18,23,8,6,41,4,71,1,13,4,12,0,0,3,8,,14,1.36,280,49,-0.65,7,1,9,3,4,2,2,47,1,19,77,64,54,17,38,45,79.3,3,12,25,5,14,36,22,57,39,16,27,59,26,61,43,71,108,66,1.36,,0,0,0,,,"2026-06-15T10:00:30.270Z",52,8,363,21,6,,17,15,10,10,40,0,57,1,6,2,5,0,1,1,6,,21,0.28,287,51,-2.99,2,1,2,3,4,0,0,62,3,10,82,58,55,19,51,30,79.1,3,13,23,6,15,40,23,53,43,11,28,39,35,61,57,64,105,61,0.28,,1,2,3,,
"Row9",8297,"2026-06-15T07:00:30.095Z",56,10,469,15,,,14,27,13,10,53,2,60,1,15,3,14,1,3,3,11,0,15,1.68,394,48,0.06,4,1,8,8,7,2,,34,1,37,65,72,36,16,58,26,84,2,7,29,12,20,60,19,42,45,17,28,61,40,74,54,86,112,77,1.68,1,1,1,,,,"2026-06-15T07:00:30.095Z",44,13,494,22,,,14,19,10,11,51,1,64,3,12,5,8,3,1,3,13,3,22,1.01,420,52,0.31,1,3,5,8,7,1,,59,2,16,74,68,36,25,48,27,85,4,14,29,3,10,30,12,39,31,11,28,39,34,74,46,75,112,67,1.03,0,0,1,,,
"Row8",8296,"2026-06-15T04:00:29.838Z",61,7,525,11,1,0,21,22,7,9,26,1,45,1,10,5,4,0,3,1,7,0,11,0.79,464,60,-1.03,6,1,10,3,0,,1,79,2,32,94,58,58,30,36,34,88.4,8,21,38,7,14,50,17,36,47,20,27,74,24,45,53,134,164,82,0.79,,,,,,,"2026-06-15T04:00:29.838Z",39,7,342,11,0,2,19,33,7,7,26,0,91,4,10,4,5,0,0,1,4,1,11,0.54,287,40,0.62,3,4,6,6,4,,0,49,2,19,63,52,36,33,37,30,83.9,6,23,26,3,9,33,14,38,37,7,27,26,21,45,47,81,114,71,0.54,,,,,,
"Row7",8295,"2026-06-15T01:00:29.838Z",48,18,633,19,0,0,17,9,10,7,54,6,74,1,26,8,7,1,,8,10,4,19,3.9,550,65,-0.55,12,1,21,6,5,2,4,80,5,62,106,75,66,22,28,50,86.9,5,12,42,7,16,44,13,26,50,9,14,64,36,79,46,182,238,76,3.99,0,0,0,,,,"2026-06-15T01:00:29.838Z",52,11,336,16,1,1,9,25,18,11,49,0,50,4,8,1,10,0,,0,16,0,16,0.4,276,35,-2.47,2,4,4,6,4,0,0,36,2,10,57,80,26,17,63,20,82.1,2,7,29,10,19,53,17,44,39,5,14,36,43,79,54,45,63,71,0.4,2,1,2,,,
"Row6",8291,"2026-06-14T12:00:29.550Z",47,12,270,16,1,2,13,55,4,17,35,1,38,8,9,5,9,0,0,1,6,1,16,0.81,202,28,1.46,4,8,6,4,3,0,1,43,0,17,68,73,21,16,57,27,74.8,4,14,29,6,9,67,17,57,30,14,32,44,26,54,48,43,72,60,0.77,1,0,,,,,"2026-06-14T12:00:29.550Z",53,4,707,12,3,0,24,29,12,6,36,2,58,2,30,8,5,1,1,12,4,1,12,1.33,638,72,-0.95,8,2,14,10,16,2,0,86,2,53,116,84,69,27,29,44,90.2,2,26,8,4,15,27,20,29,69,18,32,56,28,54,52,285,330,86,1.33,0,1,,,,
"Row5",8294,"2026-06-14T09:00:29.353Z",46,23,431,11,3,,14,20,21,7,42,1,64,1,15,4,2,0,1,4,7,,11,1.21,367,54,0.18,2,1,8,9,7,1,,66,6,22,86,68,57,33,37,30,85.2,5,23,22,7,17,41,26,58,45,13,33,39,38,77,49,81,114,71,1.23,,,0,,,,"2026-06-14T09:00:29.353Z",53,21,373,12,1,,23,17,23,13,27,2,50,2,9,3,4,1,3,2,6,,12,1.05,306,46,0.22,2,2,8,5,1,2,,57,2,22,82,81,35,21,59,20,82,4,14,29,5,13,38,30,58,52,20,33,61,39,78,50,48,84,57,1.13,,,1,,,
"Row4",8293,"2026-06-14T06:00:29.420Z",47,16,512,23,0,1,17,24,14,4,45,1,52,2,13,6,4,0,2,4,5,0,23,1.27,448,51,-0.14,5,2,10,4,3,1,0,54,0,22,59,57,31,35,36,29,87.5,4,16,25,5,25,20,19,37,51,11,14,79,41,97,42,69,98,70,1.27,1,,2,,,,"2026-06-14T06:00:29.420Z",53,14,487,24,1,1,13,16,16,4,51,2,67,4,14,2,10,0,0,6,4,1,24,1.46,421,49,0.49,3,4,7,5,7,1,1,66,6,13,46,70,34,23,45,32,86.4,2,15,13,16,29,55,16,52,31,3,14,21,56,97,58,123,157,78,1.52,2,,0,,,
"Row3",8292,"2026-06-14T03:00:29.282Z",49,12,275,13,0,,14,33,11,12,36,2,69,5,7,3,6,0,2,0,10,0,13,0.76,196,32,0.47,4,5,5,3,2,1,1,38,0,9,55,74,20,14,70,16,71.3,2,8,25,2,4,50,19,64,30,10,20,50,25,52,48,24,55,44,0.76,3,2,1,,,,"2026-06-14T03:00:29.282Z",51,11,575,8,1,,17,13,11,5,50,6,75,3,26,10,8,0,1,9,7,5,8,3.24,522,68,0.43,7,3,18,10,8,5,1,79,9,42,109,72,78,27,26,47,90.8,6,35,17,7,12,58,26,34,76,10,20,50,27,52,52,197,229,86,3.24,0,0,1,,,
"Row2",8290,"2026-06-13T09:00:28.665Z",53,13,596,7,2,,23,17,17,3,43,4,86,1,16,3,8,0,1,4,11,,7,1.35,508,65,-0.23,6,1,13,6,3,2,2,77,4,53,97,67,58,24,34,42,85.2,3,17,18,20,34,59,28,50,56,17,31,55,43,83,52,143,200,72,1.34,,1,2,,,,"2026-06-13T09:00:28.665Z",47,17,320,22,1,,17,33,13,7,40,1,73,3,9,1,5,0,5,5,9,,22,0.51,230,35,-1.54,1,3,4,3,5,0,1,35,1,9,50,64,23,27,53,20,71.9,1,5,0,6,8,75,18,58,31,14,31,45,40,83,48,17,47,36,0.47,,0,2,,,
"Row1",8289,"2026-06-13T03:00:28.543Z",46,10,415,23,1,,32,21,20,7,50,2,65,2,13,9,13,1,2,4,3,1,23,1.25,310,61,0.02,4,2,10,5,3,2,0,76,3,38,117,103,72,28,37,35,74.7,6,24,25,7,15,47,19,43,44,19,63,30,50,86,58,106,167,63,1.23,1,0,1,,,,"2026-06-13T03:00:28.543Z",54,20,270,21,0,,26,71,10,9,54,2,62,1,8,4,6,0,3,1,10,0,21,0.98,172,39,-0.26,3,1,5,4,3,1,1,60,0,14,98,93,30,31,54,15,63.7,6,10,60,5,22,23,19,62,31,44,62,71,36,86,42,35,79,44,0.96,0,3,2,,,
"Row0",8288,"2026-06-12T10:05:33.753Z",61,9,542,7,2,1,26,30,16,4,35,4,57,3,15,4,3,0,1,4,11,2,7,2,469,62,0.64,6,3,10,5,5,2,2,65,1,23,77,66,41,25,48,27,86.5,3,12,25,8,14,57,30,61,49,27,42,64,29,50,58,106,138,77,1.84,,,,,,,"2026-06-12T10:05:33.753Z",39,16,323,9,2,1,16,22,9,8,45,1,78,4,8,5,3,0,0,1,7,0,9,0.8,228,38,0.02,4,4,5,4,3,0,1,51,1,11,63,63,31,23,43,34,70.6,3,15,20,3,6,50,23,68,34,15,42,36,21,49,43,53,103,51,0.81,,,,,,
