,Coefficient,Std error,t,p-value,CI 2.5%,CI 97.5%,Robust (HC3) p-value,Std. coefficient
const,0.0918,0.1698,0.5406,0.590047,-0.2453,0.4289,0.5612768,
rank_gap,0.0332,0.0064,5.1756,1.3e-06,0.0204,0.0459,6.2e-06,0.5537
form_gf_diff,-0.1481,0.1765,-0.8387,0.4037302,-0.4985,0.2024,0.4084376,-0.098
form_ga_diff,-0.1695,0.1703,-0.9953,0.3221356,-0.5076,0.1686,0.5824857,-0.107
form_pts_diff,0.0581,0.2624,0.2214,0.8252918,-0.4628,0.579,0.8627889,0.0292
rest_days_diff,0.2188,0.2808,0.7793,0.4377448,-0.3386,0.7762,0.4249532,0.0639
host_adv,0.4879,0.5153,0.9469,0.3461106,-0.5351,1.5108,0.448094,0.091
strong_confed_diff,0.2873,0.2857,1.0055,0.3172058,-0.2799,0.8545,0.3044578,0.1066
debutant_diff,0.2052,0.5257,0.3904,0.6971346,-0.8384,1.2488,0.727253,0.0361
